transplant_date,parcel,lot,ranch,variety,ha,class,type,transplant_week,year
2012-03-28,N02,7,OAP,Shiren,0.133,Cherry,Cherry Rojo,13,2012
2013-02-13,Z18,6,ZJL,Felicity,0.3938,Cherry,Cherry Rojo,7,2013
2013-02-13,Z18,6,ZJL,Shiren,0.3938,Cherry,Cherry Rojo,7,2013
2013-02-15,Z18,2,ZJL,Amsterdam,0.27,Uva,Uva Roja,7,2013
2013-02-15,Z18,2,ZJL,Olivia,0.54,Uva,Uva Roja,7,2013
2013-02-15,Z18,5,ZJL,Felicity,0.2138,Cherry,Cherry Rojo,7,2013
2013-02-17,Z18,4,ZJL,Pera Amarilla,0.1913,Mix,Pera,7,2013
2013-02-17,Z18,4,ZJL,Pera Roja,0.1688,Mix,Pera,7,2013
2013-02-17,Z18,4,ZJL,Perla,0.0563,Mix,Cherry Amarillo,7,2013
2013-02-20,Z18,5,ZJL,Felicity,0.3263,Cherry,Cherry Rojo,8,2013
2013-02-20,Z18,5,ZJL,Shiren,0.27,Cherry,Cherry Rojo,8,2013
2013-02-21,Z18,4,ZJL,Black Pear,0.0563,Mix,Heirloom Cherry,8,2013
2013-02-21,Z18,4,ZJL,Pera Amarilla,0.135,Mix,Pera,8,2013
2013-02-21,Z18,4,ZJL,Pera Roja,0.1013,Mix,Pera,8,2013
2013-02-21,Z18,4,ZJL,Perla,0.045,Mix,Cherry Amarillo,8,2013
2013-02-21,Z18,4,ZJL,Shiren,0.045,Cherry,Cherry Rojo,8,2013
2013-02-23,Z17,8,ZJL,Amaí,0.5063,Uva,Uva Roja,8,2013
2013-02-23,Z17,8,ZJL,Amsterdam,0.1463,Uva,Uva Roja,8,2013
2013-02-23,Z17,8,ZJL,Olivia,0.1575,Uva,Uva Roja,8,2013
2013-02-25,Z17,4,ZJL,Amaí,0.7313,Uva,Uva Roja,9,2013
2013-02-25,Z17,4,ZJL,Sweet Treats,0.0225,Mix,Cherry Rosa,9,2013
2013-02-25,Z17,4,ZJL,Tangerina Grape,0.0338,Mix,Heirloom Cherry,9,2013
2013-03-01,Z17,11,ZJL,Amaí,0.3713,Uva,Uva Roja,9,2013
2013-03-01,Z17,11,ZJL,Baby Black Plum,0.09,Mix,Heirloom Cherry,9,2013
2013-03-01,Z17,11,ZJL,Habanero Rojo,0.0788,Mix,Heirloom Cherry,9,2013
2013-03-01,Z17,11,ZJL,Habanero Tangerina,0.0675,Mix,Heirloom Cherry,9,2013
2013-03-12,V02,6,VAP,Honey Bunch,0.113,Mix,Uva Amarilla,11,2013
2013-03-12,V02,6,VAP,Pera Amarilla,0.1808,Mix,Pera,11,2013
2013-03-12,V02,6,VAP,Pera Amarilla,0.226,Mix,Pera,11,2013
2013-03-12,V02,7,VAP,Amaí,0.3876,Uva,Uva Roja,11,2013
2013-03-12,V02,7,VAP,Amsterdam,0.456,Uva,Uva Roja,11,2013
2013-03-12,V02,10,VAP,Felicity,0.148,Cherry,Cherry Rojo,11,2013
2013-03-12,V02,11,VAP,Felicity,0.4416,Cherry,Cherry Rojo,11,2013
2013-03-12,V02,11,VAP,Perla,0.0768,Mix,Cherry Amarillo,11,2013
2013-03-12,V02,11,VAP,Sweet Treats,0.0192,Mix,Cherry Rosa,11,2013
2013-03-12,V02,11,VAP,Sweet Treats,0.0576,Mix,Cherry Rosa,11,2013
2013-03-13,V02,2,VAP,Amsterdam,0.6164,Uva,Uva Roja,11,2013
2013-03-13,V02,3,VAP,Amsterdam,0.1708,Uva,Uva Roja,11,2013
2013-03-13,V02,3,VAP,Amsterdam,0.2196,Uva,Uva Roja,11,2013
2013-03-13,V02,6,VAP,Pera Roja,0.0452,Mix,Pera,11,2013
2013-03-13,V02,6,VAP,Pera Roja,0.226,Mix,Pera,11,2013
2013-03-13,V02,9,VAP,Olivia,0.816,Uva,Uva Roja,11,2013
2013-03-16,V02,8,VAP,Olivia,0.792,Uva,Uva Roja,11,2013
2013-03-16,V02,9,VAP,Olivia,0.128,Uva,Uva Roja,11,2013
2013-03-16,V02,29,VAP,Amsterdam,0.6048,Uva,Uva Roja,11,2013
2013-03-18,V02,15,VAP,Amaí,0.4576,Uva,Uva Roja,12,2013
2013-03-18,V02,19,VAP,Amaí,0.104,Uva,Uva Roja,12,2013
2013-03-18,V02,19,VAP,Amsterdam,0.2912,Uva,Uva Roja,12,2013
2013-03-18,V02,32,VAP,Amsterdam,0.4032,Uva,Uva Roja,12,2013
2013-03-18,V02,56,VAP,Baby Black Plum,0.1176,Mix,Heirloom Cherry,12,2013
2013-03-18,V02,56,VAP,Black Pear,0.2016,Mix,Heirloom Cherry,12,2013
2013-03-18,V02,56,VAP,Habanero Rojo,0.1008,Mix,Heirloom Cherry,12,2013
2013-03-18,V02,56,VAP,Habanero Tangerina,0.084,Mix,Heirloom Cherry,12,2013
2013-03-18,V02,56,VAP,Honey Bunch,0.0504,Mix,Uva Amarilla,12,2013
2013-03-18,V02,56,VAP,Tangerina Grape,0.0504,Mix,Heirloom Cherry,12,2013
2013-03-20,V02,26,VAP,Felicity,0.264,Cherry,Cherry Rojo,12,2013
2013-03-20,V02,26,VAP,Shiren,0.4048,Cherry,Cherry Rojo,12,2013
2013-03-27,S24,1,SFB,Amaí,0.3024,Uva,Uva Roja,13,2013
2013-03-27,S24,1,SFB,Amsterdam,0.8568,Uva,Uva Roja,13,2013
2013-03-27,S24,1,SFB,Olivia,0.1512,Uva,Uva Roja,13,2013
2013-03-27,S24,2,SFB,Shiren,0.5616,Cherry,Cherry Rojo,13,2013
2013-03-27,S24,3,SFB,Honey Bunch,0.1458,Mix,Uva Amarilla,13,2013
2013-03-27,S24,3,SFB,Pera Amarilla,0.081,Mix,Pera,13,2013
2013-03-27,S24,3,SFB,Pera Roja,0.1134,Mix,Pera,13,2013
2013-03-28,N02,7,OAP,Olivia,0.0532,Uva,Uva Roja,13,2013
2013-03-28,N02,7,OAP,Pera Amarilla,0.0266,Mix,Pera,13,2013
2013-03-28,N02,7,OAP,Pera Roja,0.0266,Mix,Pera,13,2013
2013-03-28,N02,10,OAP,Amsterdam,0.1995,Uva,Uva Roja,13,2013
2013-03-28,N02,10,OAP,Felicity,0.0665,Cherry,Cherry Rojo,13,2013
2013-03-28,N02,10,OAP,Olivia,0.0399,Uva,Uva Roja,13,2013
2013-03-28,N02,10,OAP,Pera Amarilla,0.0266,Mix,Pera,13,2013
2013-03-28,N02,10,OAP,Pera Roja,0.0266,Mix,Pera,13,2013
2013-03-28,N02,10,OAP,Shiren,0.133,Cherry,Cherry Rojo,13,2013
2013-03-29,N06,38,OSF,Amaí,0.1197,Uva,Uva Roja,13,2013
2013-03-29,N06,38,OSF,Olivia,0.2052,Uva,Uva Roja,13,2013
2013-03-29,N06,38,OSF,Shiren,0.0855,Cherry,Cherry Rojo,13,2013
2013-03-29,V01,43,VAP,Amsterdam,0.46,Uva,Uva Roja,13,2013
2013-03-29,V01,43,VAP,Felicity,0.345,Cherry,Cherry Rojo,13,2013
2013-03-29,V01,43,VAP,Honey Bunch,0.138,Mix,Uva Amarilla,13,2013
2013-03-29,V01,43,VAP,Pera Amarilla,0.391,Mix,Pera,13,2013
2013-03-29,V01,43,VAP,Perla,0.069,Mix,Cherry Amarillo,13,2013
2013-03-29,V01,44,VAP,Pera Roja,0.168,Mix,Pera,13,2013
2013-03-30,N06,47,OSF,Olivia,0.2223,Uva,Uva Roja,13,2013
2013-03-30,N06,47,OSF,Pera Amarilla,0.0513,Mix,Pera,13,2013
2013-04-05,S03,2,SAB,Black Pear,0.032,Mix,Heirloom Cherry,14,2013
2013-04-05,S03,2,SAB,Habanero Rojo,0.032,Mix,Heirloom Cherry,14,2013
2013-04-05,S03,2,SAB,Habanero Rojo,0.048,Mix,Heirloom Cherry,14,2013
2013-04-05,S03,2,SAB,Habanero Tangerina,0.032,Mix,Heirloom Cherry,14,2013
2013-04-05,S03,2,SAB,Habanero Tangerina,0.064,Mix,Heirloom Cherry,14,2013
2013-04-05,S03,2,SAB,Pera Amarilla,0.112,Mix,Pera,14,2013
2013-04-05,S03,2,SAB,Pera Roja,0.112,Mix,Pera,14,2013
2013-04-05,S03,2,SAB,Perla,0.032,Mix,Cherry Amarillo,14,2013
2013-04-05,S03,2,SAB,Shiren,0.336,Cherry,Cherry Rojo,14,2013
2013-04-05,S03,2,SAB,Sweet Treats,0.032,Mix,Cherry Rosa,14,2013
2013-04-05,S03,6,SAB,Amaí,0.096,Uva,Uva Roja,14,2013
2013-04-05,S03,6,SAB,Felicity,0.256,Cherry,Cherry Rojo,14,2013
2013-04-05,S03,6,SAB,Shiren,0.032,Cherry,Cherry Rojo,14,2013
2013-04-05,S10,1,SAB,Amaí,0.112,Uva,Uva Roja,14,2013
2013-04-05,S10,1,SAB,Amsterdam,0.48,Uva,Uva Roja,14,2013
2013-04-05,S10,1,SAB,Olivia,0.048,Uva,Uva Roja,14,2013
2013-04-05,S10,2,SAB,Olivia,0.224,Uva,Uva Roja,14,2013
2013-04-15,S03,1,SAB,Olivia,0.36,Uva,Uva Roja,16,2013
2013-04-24,S01,1,SAB,Felicity,0.512,Cherry,Cherry Rojo,17,2013
2013-04-24,S01,2,SAB,Honey Bunch,0.096,Mix,Uva Amarilla,17,2013
2013-04-24,S01,2,SAB,Pera Amarilla,0.224,Mix,Pera,17,2013
2013-04-24,S01,2,SAB,Pera Roja,0.208,Mix,Pera,17,2013
2013-04-24,S01,2,SAB,Shiren,0.608,Cherry,Cherry Rojo,17,2013
2013-04-24,S01,3,SAB,Amaí,0.256,Uva,Uva Roja,17,2013
2013-04-24,S01,3,SAB,Amsterdam,0.848,Uva,Uva Roja,17,2013
2013-04-24,S01,3,SAB,Olivia,0.128,Uva,Uva Roja,17,2013
2013-04-29,S01,8,SAB,Honey Bunch,0.096,Mix,Uva Amarilla,18,2013
2013-04-29,S01,8,SAB,Olivia,0.64,Uva,Uva Roja,18,2013
2013-05-10,N02,8,OAP,Amaí,0.09,Uva,Uva Roja,19,2013
2013-05-10,N02,8,OAP,Amsterdam,0.144,Uva,Uva Roja,19,2013
2013-05-10,N02,8,OAP,Felicity,0.162,Cherry,Cherry Rojo,19,2013
2013-05-10,N02,8,OAP,Honey Bunch,0.072,Mix,Uva Amarilla,19,2013
2013-05-10,N02,8,OAP,Olivia,0.216,Uva,Uva Roja,19,2013
2013-05-10,N02,8,OAP,Pera Amarilla,0.018,Mix,Pera,19,2013
2013-05-10,N02,8,OAP,Pera Roja,0.054,Mix,Pera,19,2013
2013-05-10,N02,8,OAP,Shiren,0.18,Cherry,Cherry Rojo,19,2013
2013-05-10,N02,9,OAP,Amaí,0.126,Uva,Uva Roja,19,2013
2013-05-10,N02,9,OAP,Amsterdam,0.144,Uva,Uva Roja,19,2013
2013-05-10,N02,9,OAP,Felicity,0.162,Cherry,Cherry Rojo,19,2013
2013-05-10,N02,9,OAP,Honey Bunch,0.054,Mix,Uva Amarilla,19,2013
2013-05-10,N02,9,OAP,Olivia,0.198,Uva,Uva Roja,19,2013
2013-05-10,N02,9,OAP,Pera Amarilla,0.054,Mix,Pera,19,2013
2013-05-10,N02,9,OAP,Pera Roja,0.054,Mix,Pera,19,2013
2013-05-10,N02,9,OAP,Shiren,0.18,Cherry,Cherry Rojo,19,2013
2013-05-11,N02,16,OAP,Amsterdam,0.396,Uva,Uva Roja,19,2013
2013-05-11,N02,16,OAP,Pera Amarilla,0.018,Mix,Pera,19,2013
2013-05-11,N02,16,OAP,Perla,0.018,Mix,Cherry Amarillo,19,2013
2013-05-11,N02,16,OAP,Shiren,0.18,Cherry,Cherry Rojo,19,2013
2013-05-13,N05,23,SFB,Amaí,0.3312,Uva,Uva Roja,20,2013
2013-05-13,N05,24,SFB,Shiren,0.3888,Cherry,Cherry Rojo,20,2013
2013-05-13,N05,31,SFB,Habanero Rojo,0.072,Mix,Heirloom Cherry,20,2013
2013-05-13,N05,31,SFB,Habanero Tangerina,0.0432,Mix,Heirloom Cherry,20,2013
2013-05-13,N05,31,SFB,Perla,0.0288,Mix,Cherry Amarillo,20,2013
2013-05-13,N05,31,SFB,Sweet Treats,0.0144,Mix,Cherry Rosa,20,2013
2013-05-14,N02,16,OAP,Amaí,0.27,Uva,Uva Roja,20,2013
2013-05-16,N02,16,OAP,Felicity,0.054,Cherry,Cherry Rojo,20,2013
2013-05-21,N06,37,OSF,Olivia,0.4446,Uva,Uva Roja,21,2013
2013-05-21,N07,61,OSF,Amaí,0.0513,Uva,Uva Roja,21,2013
2013-05-21,N07,61,OSF,Honey Bunch,0.0684,Mix,Uva Amarilla,21,2013
2013-05-21,N07,61,OSF,Pera Amarilla,0.1026,Mix,Pera,21,2013
2013-05-21,N07,61,OSF,Pera Roja,0.1368,Mix,Pera,21,2013
2013-05-21,N07,61,OSF,Perla,0.0684,Mix,Cherry Amarillo,21,2013
2013-05-28,N07,55,OAP,Amaí,0.171,Uva,Uva Roja,22,2013
2013-05-28,N07,55,OAP,Amsterdam,0.3078,Uva,Uva Roja,22,2013
2013-05-28,N07,55,OAP,Olivia,0.2394,Uva,Uva Roja,22,2013
2013-05-28,N07,55,OAP,Shiren,0.1539,Cherry,Cherry Rojo,22,2013
2013-05-28,N07,58,OAP,Amsterdam,0.3078,Uva,Uva Roja,22,2013
2013-05-28,N07,58,OAP,Olivia,0.2394,Uva,Uva Roja,22,2013
2013-05-28,N07,58,OAP,Shiren,0.1539,Cherry,Cherry Rojo,22,2013
2013-05-28,N07,67,OAP,Felicity,0.3249,Cherry,Cherry Rojo,22,2013
2013-05-28,N07,67,OAP,Pera Roja,0.0941,Mix,Pera,22,2013
2013-05-28,N07,67,OAP,Shiren,0.171,Cherry,Cherry Rojo,22,2013
2013-05-29,N07,67,OAP,Pera Amarilla,0.0855,Mix,Pera,22,2013
2013-05-29,N07,67,OAP,Perla,0.0257,Mix,Cherry Amarillo,22,2013
2013-06-05,N07,50,OSF,Pera Amarilla,0.0855,Mix,Pera,23,2013
2013-06-05,N07,50,OSF,Pera Roja,0.0855,Mix,Pera,23,2013
2013-06-05,N07,50,OSF,Shiren,0.2394,Cherry,Cherry Rojo,23,2013
2013-06-07,N07,63,OSF,Amaí,0.1881,Uva,Uva Roja,23,2013
2013-06-07,N07,63,OSF,Olivia,0.2736,Uva,Uva Roja,23,2013
2013-06-08,N07,66,OAP,Amsterdam,0.0342,Uva,Uva Roja,23,2013
2013-06-08,N07,66,OAP,Felicity,0.1112,Cherry,Cherry Rojo,23,2013
2013-06-08,N07,66,OAP,Honey Bunch,0.1283,Mix,Uva Amarilla,23,2013
2013-06-08,N07,66,OAP,Olivia,0.0513,Uva,Uva Roja,23,2013
2013-06-08,N07,66,OAP,Pera Amarilla,0.0342,Mix,Pera,23,2013
2013-06-08,N07,66,OAP,Pera Roja,0.0428,Mix,Pera,23,2013
2013-06-08,N07,66,OAP,Shiren,0.2138,Cherry,Cherry Rojo,23,2013
2013-06-08,N07,66,OAP,Tangerina Grape,0.0171,Mix,Heirloom Cherry,23,2013
2013-06-10,N05,29,SFB,Felicity,0.192,Cherry,Cherry Rojo,24,2013
2013-06-10,N05,29,SFB,Shiren,0.384,Cherry,Cherry Rojo,24,2013
2013-06-10,N05,30,SFB,Amaí,0.352,Uva,Uva Roja,24,2013
2013-06-10,N05,30,SFB,Amsterdam,0.352,Uva,Uva Roja,24,2013
2013-06-10,N05,30,SFB,Olivia,0.224,Uva,Uva Roja,24,2013
2013-06-14,N02,32,OSF,Amsterdam,0.2052,Uva,Uva Roja,24,2013
2013-06-14,N02,32,OSF,Baby Black Plum,0.0855,Mix,Heirloom Cherry,24,2013
2013-06-14,N02,32,OSF,Black Pear,0.0257,Mix,Heirloom Cherry,24,2013
2013-06-14,N02,32,OSF,Felicity,0.1539,Cherry,Cherry Rojo,24,2013
2013-06-14,N02,32,OSF,Habanero Rojo,0.0684,Mix,Heirloom Cherry,24,2013
2013-06-14,N02,32,OSF,Habanero Tangerina,0.0684,Mix,Heirloom Cherry,24,2013
2013-06-14,N02,32,OSF,Pera Roja,0.0428,Mix,Pera,24,2013
2013-06-14,N02,32,OSF,Perla,0.0171,Mix,Cherry Amarillo,24,2013
2013-06-14,N02,32,OSF,Sweet Treats,0.0342,Mix,Cherry Rosa,24,2013
2013-06-14,N07,50,OSF,Pera Amarilla,0.1197,Mix,Pera,24,2013
2013-06-14,N07,50,OSF,Pera Roja,0.0342,Mix,Pera,24,2013
2013-06-14,N07,64,OAP,Felicity,0.1989,Cherry,Cherry Rojo,24,2013
2013-06-14,N07,64,OAP,Shiren,0.153,Cherry,Cherry Rojo,24,2013
2013-06-15,N07,53,OAP,Olivia,0.8208,Uva,Uva Roja,24,2013
2013-06-15,N07,60,OAP,Amsterdam,0.4104,Uva,Uva Roja,24,2013
2013-06-15,N07,60,OAP,Olivia,0.2052,Uva,Uva Roja,24,2013
2013-06-15,N07,60,OAP,Shiren,0.2052,Cherry,Cherry Rojo,24,2013
2013-06-22,N07,54,OAP,Felicity,0.1539,Cherry,Cherry Rojo,25,2013
2013-06-22,N07,54,OAP,Pera Roja,0.2052,Mix,Pera,25,2013
2013-06-22,N07,54,OAP,Shiren,0.4275,Cherry,Cherry Rojo,25,2013
2013-06-22,N07,59,OAP,Amsterdam,0.7866,Uva,Uva Roja,25,2013
2013-06-26,N02,4,OAP,Amsterdam,0.0684,Uva,Uva Roja,26,2013
2013-06-26,N02,4,OAP,Baby Black Plum,0.077,Mix,Heirloom Cherry,26,2013
2013-06-26,N02,4,OAP,Black Pear,0.0513,Mix,Heirloom Cherry,26,2013
2013-06-26,N02,4,OAP,Black Pear,0.077,Mix,Heirloom Cherry,26,2013
2013-06-26,N02,4,OAP,Felicity,0.1026,Cherry,Cherry Rojo,26,2013
2013-06-26,N02,4,OAP,Habanero Rojo,0.0684,Mix,Heirloom Cherry,26,2013
2013-06-26,N02,4,OAP,Honey Bunch,0.0855,Mix,Uva Amarilla,26,2013
2013-06-26,N02,4,OAP,Olivia,0.0684,Uva,Uva Roja,26,2013
2013-06-26,N02,4,OAP,Pera Amarilla,0.0855,Mix,Pera,26,2013
2013-06-26,N02,4,OAP,Pera Roja,0.0855,Mix,Pera,26,2013
2013-06-26,N02,4,OAP,Perla,0.0513,Mix,Cherry Amarillo,26,2013
2013-06-26,N02,4,OAP,Shiren,0.0513,Cherry,Cherry Rojo,26,2013
2013-06-26,N02,4,OAP,Sweet Treats,0.0855,Mix,Cherry Rosa,26,2013
2013-06-26,N02,4,OAP,Tangerina Grape,0.0855,Mix,Heirloom Cherry,26,2013
2013-06-27,N02,25,OSF,Amsterdam,0.4104,Uva,Uva Roja,26,2013
2013-06-27,N02,25,OSF,Olivia,0.1539,Uva,Uva Roja,26,2013
2013-06-27,N02,26,OSF,Honey Bunch,0.1112,Mix,Uva Amarilla,26,2013
2013-06-27,N02,26,OSF,Pera Amarilla,0.1625,Mix,Pera,26,2013
2013-06-27,N02,26,OSF,Pera Roja,0.1283,Mix,Pera,26,2013
2013-06-27,N02,26,OSF,Shiren,0.3677,Cherry,Cherry Rojo,26,2013
2013-06-28,N07,56,OAP,Amsterdam,0.7524,Uva,Uva Roja,26,2013
2013-06-28,N07,57,OAP,Honey Bunch,0.2736,Mix,Uva Amarilla,26,2013
2013-06-28,N07,57,OAP,Pera Amarilla,0.1026,Mix,Pera,26,2013
2013-06-28,N07,57,OAP,Pera Amarilla,0.2736,Mix,Pera,26,2013
2013-06-28,N07,57,OAP,Pera Roja,0.1026,Mix,Pera,26,2013
2013-06-30,N05,12,SAB,Amsterdam,0.72,Uva,Uva Roja,26,2013
2013-06-30,N05,13,SAB,Felicity,0.738,Cherry,Cherry Rojo,26,2013
2013-06-30,N05,16,SAB,Honey Bunch,0.072,Mix,Uva Amarilla,26,2013
2013-06-30,N05,16,SAB,Pera Amarilla,0.324,Mix,Pera,26,2013
2013-06-30,N05,16,SAB,Pera Roja,0.216,Mix,Pera,26,2013
2013-06-30,N05,18,SAB,Felicity,0.288,Cherry,Cherry Rojo,26,2013
2013-06-30,N05,18,SAB,Shiren,0.486,Cherry,Cherry Rojo,26,2013
2013-07-03,N02,1,OAP,Felicity,0.5184,Cherry,Cherry Rojo,27,2013
2013-07-03,N02,1,OAP,Shiren,0.2754,Cherry,Cherry Rojo,27,2013
2013-07-03,N02,2,OAP,Amsterdam,0.4536,Uva,Uva Roja,27,2013
2013-07-03,N02,3,OAP,Amsterdam,0.4698,Uva,Uva Roja,27,2013
2013-07-09,N02,5,OAP,Amsterdam,0.2907,Uva,Uva Roja,28,2013
2013-07-09,N02,6,OAP,Shiren,0.6584,Cherry,Cherry Rojo,28,2013
2013-07-09,N02,11,OAP,Habanero Rojo,0.171,Mix,Heirloom Cherry,28,2013
2013-07-09,N02,11,OAP,Habanero Tangerina,0.1112,Mix,Heirloom Cherry,28,2013
2013-07-09,N02,12,OAP,Honey Bunch,0.1026,Mix,Uva Amarilla,28,2013
2013-07-09,N02,12,OAP,Olivia,0.3249,Uva,Uva Roja,28,2013
2013-07-09,N02,12,OAP,Pera Amarilla,0.0513,Mix,Pera,28,2013
2013-07-09,N02,12,OAP,Pera Roja,0.2223,Mix,Pera,28,2013
2013-07-10,N02,11,OAP,Amsterdam,0.0086,Uva,Uva Roja,28,2013
2013-07-10,N02,11,OAP,Amsterdam,0.0171,Uva,Uva Roja,28,2013
2013-07-10,N02,11,OAP,Habanero Rojo,0.0257,Mix,Heirloom Cherry,28,2013
2013-07-10,N02,11,OAP,Sweet Treats,0.0171,Mix,Cherry Rosa,28,2013
2013-07-12,N05,9,SAB,Amsterdam,0.666,Uva,Uva Roja,28,2013
2013-07-12,N05,9,SAB,Shiren,0.27,Cherry,Cherry Rojo,28,2013
2013-07-12,N05,20,SFB,Amsterdam,1.064,Uva,Uva Roja,28,2013
2013-07-12,N05,27,SFB,Olivia,0.6232,Uva,Uva Roja,28,2013
2013-07-12,N05,28,SFB,Felicity,0.4104,Cherry,Cherry Rojo,28,2013
2013-07-12,N05,28,SFB,Shiren,0.4408,Cherry,Cherry Rojo,28,2013
2013-07-19,V02,13,VAP,Amsterdam,0.7056,Uva,Uva Roja,29,2013
2013-07-19,V02,16,VAP,Amsterdam,0.12,Uva,Uva Roja,29,2013
2013-07-19,V02,16,VAP,Amsterdam,0.2,Uva,Uva Roja,29,2013
2013-07-19,V02,16,VAP,Olivia,0.4,Uva,Uva Roja,29,2013
2013-07-19,V02,20,VAP,Shiren,0.2024,Cherry,Cherry Rojo,29,2013
2013-07-19,V02,20,VAP,Shiren,0.2392,Cherry,Cherry Rojo,29,2013
2013-07-19,V02,21,VAP,Felicity,0.0516,Cherry,Cherry Rojo,29,2013
2013-07-19,V02,21,VAP,Felicity,0.1376,Cherry,Cherry Rojo,29,2013
2013-07-19,V02,21,VAP,Shiren,0.5504,Cherry,Cherry Rojo,29,2013
2013-07-19,V02,25,VAP,Felicity,0.1892,Cherry,Cherry Rojo,29,2013
2013-07-19,V02,25,VAP,Felicity,0.344,Cherry,Cherry Rojo,29,2013
2013-07-19,V02,25,VAP,Honey Bunch,0.1376,Mix,Uva Amarilla,29,2013
2013-07-22,N05,11,SAB,Felicity,0.342,Cherry,Cherry Rojo,30,2013
2013-07-22,N05,11,SAB,Shiren,0.324,Cherry,Cherry Rojo,30,2013
2013-07-30,N05,19,SAB,Pera Amarilla,0.198,Mix,Pera,31,2013
2013-07-30,N05,19,SAB,Pera Roja,0.144,Mix,Pera,31,2013
2013-07-30,N05,19,SAB,Tangerina Grape,0.432,Mix,Heirloom Cherry,31,2013
2013-08-02,Z18,2,ZJL,Felicity,0.36,Cherry,Cherry Rojo,31,2013
2013-08-02,Z18,2,ZJL,Shiren,0.2813,Cherry,Cherry Rojo,31,2013
2013-08-03,Z17,4,ZJL,Amsterdam,0.81,Uva,Uva Roja,31,2013
2013-08-03,Z17,8,ZJL,Amaí,0.27,Uva,Uva Roja,31,2013
2013-08-03,Z17,8,ZJL,Amsterdam,0.2025,Uva,Uva Roja,31,2013
2013-08-03,Z17,8,ZJL,Honey Bunch,0.1125,Mix,Uva Amarilla,31,2013
2013-08-03,Z17,8,ZJL,Olivia,0.225,Uva,Uva Roja,31,2013
2013-08-07,Z17,3,ZJL,Shiren,0.2588,Cherry,Cherry Rojo,32,2013
2013-08-07,Z17,7,ZJL,Black Pear,0.03,Mix,Heirloom Cherry,32,2013
2013-08-07,Z17,7,ZJL,Habanero Rojo,0.1575,Mix,Heirloom Cherry,32,2013
2013-08-07,Z17,7,ZJL,Pera Amarilla,0.1125,Mix,Pera,32,2013
2013-08-07,Z17,7,ZJL,Pera Roja,0.09,Mix,Pera,32,2013
2013-08-20,Z17,1,ZJL,Amsterdam,0.7088,Uva,Uva Roja,34,2013
2013-08-20,Z17,5,ZJL,Amaí,0.6413,Uva,Uva Roja,34,2013
2013-08-20,Z17,5,ZJL,Felicity,0.1688,Cherry,Cherry Rojo,34,2013
2013-08-21,Z17,7,ZJL,Pera Amarilla,0.135,Mix,Pera,34,2013
2013-08-26,Z17,2,ZJL,Black Pear,0.0225,Mix,Heirloom Cherry,35,2013
2013-08-26,Z17,2,ZJL,Felicity,0.09,Cherry,Cherry Rojo,35,2013
2013-08-26,Z17,2,ZJL,Habanero Tangerina,0.0788,Mix,Heirloom Cherry,35,2013
2013-08-26,Z17,2,ZJL,Yellow Jelly Bean,0.1013,Mix,Uva Amarilla,35,2013
2014-02-17,Z18,6,ZJL,Amsterdam,0.7763,Uva,Uva Roja,8,2014
2014-02-18,Z18,5,ZJL,Amaí,0.4838,Uva,Uva Roja,8,2014
2014-02-18,Z18,5,ZJL,Amsterdam,0.18,Uva,Uva Roja,8,2014
2014-02-18,Z18,5,ZJL,Black Pear,0.1238,Mix,Heirloom Cherry,8,2014
2014-02-19,Z18,4,ZJL,Baby Black Plum,0.1125,Mix,Heirloom Cherry,8,2014
2014-02-19,Z18,4,ZJL,Habanero Rojo,0.09,Mix,Heirloom Cherry,8,2014
2014-02-19,Z18,4,ZJL,Habanero Tangerina,0.1913,Mix,Heirloom Cherry,8,2014
2014-02-19,Z18,4,ZJL,Pera Amarilla 3,0.09,Mix,Pera,8,2014
2014-02-19,Z18,4,ZJL,Pera Roja,0.09,Mix,Pera,8,2014
2014-02-19,Z18,4,ZJL,Tangerina Grape,0.09,Mix,Heirloom Cherry,8,2014
2014-02-19,Z18,4,ZJL,Yellow Jelly Bean,0.0563,Mix,Uva Amarilla,8,2014
2014-02-20,Z18,1,ZJL,Felicity,0.315,Cherry,Cherry Rojo,8,2014
2014-02-20,Z18,1,ZJL,Shiren,0.2813,Cherry,Cherry Rojo,8,2014
2014-02-24,Z18,1,ZJL,Felicity,0.2138,Cherry,Cherry Rojo,9,2014
2014-02-24,Z18,4,ZJL,Pera Amarilla 2,0.0675,Mix,Pera,9,2014
2014-02-25,Z17,2,ZJL,Amsterdam,0.765,Uva,Uva Roja,9,2014
2014-02-26,Z17,6,ZJL,Amaí,0.4613,Uva,Uva Roja,9,2014
2014-02-26,Z17,6,ZJL,Habanero Tangerina,0.0225,Mix,Heirloom Cherry,9,2014
2014-02-26,Z17,6,ZJL,Shiren,0.225,Cherry,Cherry Rojo,9,2014
2014-03-05,Z17,7,ZJL,Pera Amarilla 2,0.096,Mix,Pera,10,2014
2014-03-05,Z17,7,ZJL,Pera Roja,0.06,Mix,Pera,10,2014
2014-03-08,N02,4,OAP,Amaí,0.2025,Uva,Uva Roja,10,2014
2014-03-08,N02,4,OAP,Amsterdam,0.3969,Uva,Uva Roja,10,2014
2014-03-08,N02,4,OAP,Felicity,0.0972,Cherry,Cherry Rojo,10,2014
2014-03-08,N02,4,OAP,Pera Amarilla 3,0.0648,Mix,Pera,10,2014
2014-03-08,N02,4,OAP,Pera Roja,0.0567,Mix,Pera,10,2014
2014-03-08,N02,4,OAP,Shiren,0.0891,Cherry,Cherry Rojo,10,2014
2014-03-08,N02,4,OAP,Yellow Jelly Bean,0.0162,Mix,Uva Amarilla,10,2014
2014-03-14,V02,47,VAP,Habanero Rojo,0.2268,Mix,Heirloom Cherry,11,2014
2014-03-14,V02,47,VAP,Habanero Tangerina,0.162,Mix,Heirloom Cherry,11,2014
2014-03-14,V02,47,VAP,Pera Amarilla 3,0.1782,Mix,Pera,11,2014
2014-03-14,V02,48,VAP,Amsterdam,0.7104,Uva,Uva Roja,11,2014
2014-03-14,V02,49,VAP,Amaí,0.098,Uva,Uva Roja,11,2014
2014-03-14,V02,49,VAP,Amsterdam,0.6272,Uva,Uva Roja,11,2014
2014-03-14,V02,52,VAP,Pera Roja,0.1296,Mix,Pera,11,2014
2014-03-14,V02,52,VAP,Pera Roja,0.2016,Mix,Pera,11,2014
2014-03-14,V02,53,VAP,Amsterdam,0.1302,Uva,Uva Roja,11,2014
2014-03-14,V02,53,VAP,Felicity,0.4278,Cherry,Cherry Rojo,11,2014
2014-03-14,V02,54,VAP,Felicity,0.2976,Cherry,Cherry Rojo,11,2014
2014-03-14,V02,54,VAP,Shiren,0.1674,Cherry,Cherry Rojo,11,2014
2014-03-14,V02,54,VAP,Shiren,0.372,Cherry,Cherry Rojo,11,2014
2014-03-14,V02,55,VAP,Amaí,0.6256,Uva,Uva Roja,11,2014
2014-03-21,N02,7,OAP,Amaí,0.5558,Uva,Uva Roja,12,2014
2014-03-21,N02,7,OAP,Pera Amarilla 3,0.1967,Mix,Pera,12,2014
2014-03-21,N02,7,OAP,Pera Roja,0.0513,Mix,Pera,12,2014
2014-03-21,N02,10,OAP,Amsterdam,0.1539,Uva,Uva Roja,12,2014
2014-03-21,N02,10,OAP,Amsterdam,0.4788,Uva,Uva Roja,12,2014
2014-03-21,V02,46,VAP,Baby Black Plum,0.0234,Mix,Heirloom Cherry,12,2014
2014-03-21,V02,46,VAP,Black Pear,0.0936,Mix,Heirloom Cherry,12,2014
2014-03-21,V02,46,VAP,Habanero Rojo,0.1404,Mix,Heirloom Cherry,12,2014
2014-03-21,V02,46,VAP,Habanero Tangerina,0.1404,Mix,Heirloom Cherry,12,2014
2014-03-21,V02,46,VAP,Tangerina Grape,0.0702,Mix,Heirloom Cherry,12,2014
2014-03-21,V02,46,VAP,Tangerina Grape,0.0936,Mix,Heirloom Cherry,12,2014
2014-03-21,V02,46,VAP,Yellow Jelly Bean,0.0234,Mix,Uva Amarilla,12,2014
2014-03-21,V02,46,VAP,Yellow Jelly Bean,0.0702,Mix,Uva Amarilla,12,2014
2014-03-21,V02,51,VAP,Black Pear,0.0432,Mix,Heirloom Cherry,12,2014
2014-03-21,V02,51,VAP,Honey Bunch,0.0648,Mix,Uva Amarilla,12,2014
2014-03-21,V02,51,VAP,Pera Amarilla 2,0.216,Mix,Pera,12,2014
2014-03-21,V02,51,VAP,Perla,0.0432,Mix,Cherry Amarillo,12,2014
2014-03-22,V01,43,VAP,Amsterdam,0.253,Uva,Uva Roja,12,2014
2014-03-24,V01,43,VAP,Felicity,0.207,Cherry,Cherry Rojo,13,2014
2014-03-24,V01,44,VAP,Felicity,0.2688,Cherry,Cherry Rojo,13,2014
2014-03-24,V01,44,VAP,Shiren,0.2688,Cherry,Cherry Rojo,13,2014
2014-03-26,N02,30,OSF,Amaí,0.1539,Uva,Uva Roja,13,2014
2014-03-26,N02,30,OSF,Amsterdam,0.171,Uva,Uva Roja,13,2014
2014-03-26,N02,30,OSF,Felicity,0.1539,Cherry,Cherry Rojo,13,2014
2014-03-26,N02,30,OSF,Pera Roja,0.1026,Mix,Pera,13,2014
2014-03-26,N02,30,OSF,Shiren,0.2223,Cherry,Cherry Rojo,13,2014
2014-03-26,N06,36,OSF,Amaí,0.2736,Uva,Uva Roja,13,2014
2014-03-26,N06,36,OSF,Amsterdam,0.5301,Uva,Uva Roja,13,2014
2014-04-04,N06,39,OAP,Amsterdam,0.1539,Uva,Uva Roja,14,2014
2014-04-04,N06,39,OAP,Felicity,0.2138,Cherry,Cherry Rojo,14,2014
2014-04-04,N06,39,OAP,Shiren,0.4532,Cherry,Cherry Rojo,14,2014
2014-04-08,N05,34,SFB,Amaí,0.576,Uva,Uva Roja,15,2014
2014-04-08,N05,35,SFB,Amsterdam,0.7632,Uva,Uva Roja,15,2014
2014-04-11,N05,33,SFB,Felicity,0.1296,Cherry,Cherry Rojo,15,2014
2014-04-11,N05,33,SFB,Pera Amarilla 2,0.144,Mix,Pera,15,2014
2014-04-11,N05,33,SFB,Pera Roja,0.1152,Mix,Pera,15,2014
2014-04-11,N05,33,SFB,Shiren,0.2592,Cherry,Cherry Rojo,15,2014
2014-04-22,N05,54,SAB,Felicity,0.54,Cherry,Cherry Rojo,17,2014
2014-04-24,N05,46,SAB,Habanero Tangerina,0.162,Mix,Heirloom Cherry,17,2014
2014-04-24,N05,46,SAB,Pera Amarilla 2,0.504,Mix,Pera,17,2014
2014-04-24,N05,46,SAB,Pera Roja,0.342,Mix,Pera,17,2014
2014-04-24,N05,47,SAB,Black Pear,0.072,Mix,Heirloom Cherry,17,2014
2014-04-24,N05,47,SAB,Ftm9733,0.09,Uva,Uva Roja,17,2014
2014-04-24,N05,47,SAB,Habanero Rojo,0.216,Mix,Heirloom Cherry,17,2014
2014-04-24,N05,47,SAB,Pera Amarilla 2,0.036,Mix,Pera,17,2014
2014-04-24,N05,47,SAB,Shiren,0.252,Cherry,Cherry Rojo,17,2014
2014-04-24,N05,47,SAB,Tangerina Grape,0.216,Mix,Heirloom Cherry,17,2014
2014-04-30,N05,38,SFB,Black Pear,0.0162,Mix,Heirloom Cherry,18,2014
2014-04-30,N05,38,SFB,Habanero Rojo,0.0648,Mix,Heirloom Cherry,18,2014
2014-04-30,N05,38,SFB,Habanero Tangerina,0.0324,Mix,Heirloom Cherry,18,2014
2014-04-30,N05,38,SFB,Pera Amarilla 2,0.0648,Mix,Pera,18,2014
2014-04-30,N05,38,SFB,Pera Roja,0.081,Mix,Pera,18,2014
2014-04-30,N05,40,SFB,Amaí,0.486,Uva,Uva Roja,18,2014
2014-05-10,N02,14,OAP,Habanero Rojo,0.1184,Mix,Heirloom Cherry,19,2014
2014-05-10,N02,14,OAP,Pera Roja,0.2876,Mix,Pera,19,2014
2014-05-10,N02,19,OAP,Pera Amarilla 2,0.2707,Mix,Pera,19,2014
2014-05-10,N02,22,OAP,Amaí,0.0508,Uva,Uva Roja,19,2014
2014-05-10,N02,22,OAP,Shiren,0.3892,Cherry,Cherry Rojo,19,2014
2014-05-10,N02,22,OAP,Yellow Jelly Bean,0.1184,Mix,Uva Amarilla,19,2014
2014-05-10,N02,22,OAP,Yellow Jelly Bean,0.1692,Mix,Uva Amarilla,19,2014
2014-05-22,N07,50,OSF,Amsterdam,0.4788,Uva,Uva Roja,21,2014
2014-05-22,N07,50,OSF,Pera Amarilla 2,0.2052,Mix,Pera,21,2014
2014-05-22,N07,50,OSF,Pera Roja,0.1539,Mix,Pera,21,2014
2014-05-22,N07,62,OSF,Amsterdam,0.5985,Uva,Uva Roja,21,2014
2014-05-22,N07,63,OSF,Amaí,0.4788,Uva,Uva Roja,21,2014
2014-05-22,N07,63,OSF,Shiren,0.1026,Cherry,Cherry Rojo,21,2014
2014-05-28,N02,14,OAP,Black Pear,0.0338,Mix,Heirloom Cherry,22,2014
2014-05-28,N02,14,OAP,Pera Amarilla 2,0.1184,Mix,Pera,22,2014
2014-05-28,N02,14,OAP,Pera Amarilla 3,0.0846,Mix,Pera,22,2014
2014-05-28,N02,14,OAP,Pera Roja,0.1354,Mix,Pera,22,2014
2014-05-28,N02,14,OAP,Pera Roja,0.1861,Mix,Pera,22,2014
2014-05-28,N02,15,OAP,Amsterdam,0.5472,Uva,Uva Roja,22,2014
2014-05-28,N02,18,OAP,Ftm9733,0.0792,Uva,Uva Roja,22,2014
2014-05-28,N02,18,OAP,Habanero Rojo,0.072,Mix,Heirloom Cherry,22,2014
2014-05-28,N02,18,OAP,Habanero Tangerina,0.1224,Mix,Heirloom Cherry,22,2014
2014-05-29,N02,23,OAP,Black Pear,0.0504,Mix,Heirloom Cherry,22,2014
2014-05-29,N02,23,OAP,Pera Amarilla 2,0.108,Mix,Pera,22,2014
2014-05-29,N02,23,OAP,Pera Amarilla 3,0.0792,Mix,Pera,22,2014
2014-06-05,N05,51,SAB,Amsterdam,0.594,Uva,Uva Roja,23,2014
2014-06-05,N05,59,SAB,Felicity,0.504,Cherry,Cherry Rojo,23,2014
2014-06-07,N02,9,OAP,Amsterdam,0.171,Uva,Uva Roja,23,2014
2014-06-07,N02,9,OAP,Felicity,0.2138,Cherry,Cherry Rojo,23,2014
2014-06-07,N02,9,OAP,Pera Amarilla 2,0.1026,Mix,Pera,23,2014
2014-06-07,N02,9,OAP,Shiren,0.4617,Cherry,Cherry Rojo,23,2014
2014-06-08,N02,20,OAP,Amaí,0.0508,Uva,Uva Roja,23,2014
2014-06-09,N06,46,OAP,Baby Black Plum,0.0677,Mix,Heirloom Cherry,24,2014
2014-06-09,N06,46,OAP,Black Pear,0.0423,Mix,Heirloom Cherry,24,2014
2014-06-09,N06,46,OAP,Habanero Rojo,0.2223,Mix,Heirloom Cherry,24,2014
2014-06-09,N06,46,OAP,Habanero Tangerina,0.2115,Mix,Heirloom Cherry,24,2014
2014-06-09,N06,46,OAP,Honey Bunch,0.11,Mix,Uva Amarilla,24,2014
2014-06-09,N06,46,OAP,Pera Roja,0.0931,Mix,Pera,24,2014
2014-06-09,N06,46,OAP,Tangerina Grape,0.0677,Mix,Heirloom Cherry,24,2014
2014-06-10,N06,37,OSF,Amsterdam,0.3078,Uva,Uva Roja,24,2014
2014-06-10,N06,48,OSF,Amsterdam,0.3078,Uva,Uva Roja,24,2014
2014-06-10,N06,48,OSF,Honey Bunch,0.0684,Mix,Uva Amarilla,24,2014
2014-06-10,N06,48,OSF,Pera Amarilla 2,0.1368,Mix,Pera,24,2014
2014-06-10,N06,48,OSF,Pera Roja,0.1026,Mix,Pera,24,2014
2014-06-10,N06,48,OSF,Shiren,0.1368,Cherry,Cherry Rojo,24,2014
2014-06-10,N06,48,OSF,Yellow Jelly Bean,0.0513,Mix,Uva Amarilla,24,2014
2014-06-10,N06,64,OAP,Felicity,0.0144,Cherry,Cherry Rojo,24,2014
2014-06-11,N02,16,OAP,Amsterdam,0.1197,Uva,Uva Roja,24,2014
2014-06-11,N02,16,OAP,Felicity,0.5472,Cherry,Cherry Rojo,24,2014
2014-06-11,N02,17,OAP,Amaí,0.4361,Uva,Uva Roja,24,2014
2014-06-11,N02,17,OAP,Amsterdam,0.171,Uva,Uva Roja,24,2014
2014-06-11,N02,17,OAP,Black Pear,0.1625,Mix,Heirloom Cherry,24,2014
2014-06-11,N02,17,OAP,Pera Amarilla 2,0.0855,Mix,Pera,24,2014
2014-06-11,N05,36,SFB,Amaí,0.7452,Uva,Uva Roja,24,2014
2014-06-11,N05,38,SFB,Felicity,0.324,Cherry,Cherry Rojo,24,2014
2014-06-11,N05,38,SFB,Ftm9733,0.0486,Uva,Uva Roja,24,2014
2014-06-11,N05,38,SFB,Honey Bunch,0.1458,Mix,Uva Amarilla,24,2014
2014-06-11,N05,38,SFB,Pera Roja,0.0486,Mix,Pera,24,2014
2014-06-11,N05,38,SFB,Shiren,0.3564,Cherry,Cherry Rojo,24,2014
2014-06-16,N06,40,OAP,Felicity,0.2309,Cherry,Cherry Rojo,25,2014
2014-06-16,N06,40,OAP,Shiren,0.684,Cherry,Cherry Rojo,25,2014
2014-06-17,N02,25,OSF,Amsterdam,0.5814,Uva,Uva Roja,25,2014
2014-06-17,N02,25,OSF,Felicity,0.2394,Cherry,Cherry Rojo,25,2014
2014-06-17,N02,26,OSF,Shiren,0.2052,Cherry,Cherry Rojo,25,2014
2014-06-17,N06,44,OAP,Baby Black Plum,0.1539,Mix,Heirloom Cherry,25,2014
2014-06-17,N06,44,OAP,Habanero Rojo,0.0855,Mix,Heirloom Cherry,25,2014
2014-06-17,N06,44,OAP,Habanero Tangerina,0.1283,Mix,Heirloom Cherry,25,2014
2014-06-17,N06,44,OAP,Honey Bunch,0.1026,Mix,Uva Amarilla,25,2014
2014-06-17,N06,44,OAP,Pera Amarilla 2,0.1026,Mix,Pera,25,2014
2014-06-17,N06,44,OAP,Perla,0.0257,Mix,Cherry Amarillo,25,2014
2014-06-17,N06,44,OAP,Tangerina Grape,0.0941,Mix,Heirloom Cherry,25,2014
2014-06-17,N06,44,OAP,Yellow Jelly Bean,0.0941,Mix,Uva Amarilla,25,2014
2014-06-17,N06,45,OAP,Felicity,0.2223,Cherry,Cherry Rojo,25,2014
2014-06-17,N06,45,OAP,Pera Amarilla 2,0.2736,Mix,Pera,25,2014
2014-06-17,N06,45,OAP,Pera Roja,0.3506,Mix,Pera,25,2014
2014-06-17,N07,55,OAP,Amaí,0.7866,Uva,Uva Roja,25,2014
2014-06-17,N07,55,OAP,Perla,0.0513,Mix,Cherry Amarillo,25,2014
2014-06-18,N07,58,OAP,Amaí,0.1197,Uva,Uva Roja,25,2014
2014-06-18,N07,58,OAP,Amsterdam,0.7353,Uva,Uva Roja,25,2014
2014-06-24,N02,6,OAP,Amsterdam,0.1296,Uva,Uva Roja,26,2014
2014-06-24,N02,6,OAP,Amsterdam,0.5346,Uva,Uva Roja,26,2014
2014-06-25,N02,32,OSF,Amaí,0.3591,Uva,Uva Roja,26,2014
2014-06-25,N02,32,OSF,Baby Black Plum,0.2565,Mix,Heirloom Cherry,26,2014
2014-06-25,N02,32,OSF,Black Pear,0.2223,Mix,Heirloom Cherry,26,2014
2014-06-25,N02,32,OSF,Felicity,0.1368,Cherry,Cherry Rojo,26,2014
2014-06-26,N05,61,SAB,Amaí,0.792,Uva,Uva Roja,26,2014
2014-06-26,N05,62,SAB,Amaí,0.792,Uva,Uva Roja,26,2014
2014-06-26,N05,69,SAB,Amaí,0.126,Uva,Uva Roja,26,2014
2014-06-26,N05,69,SAB,Honey Bunch,0.09,Mix,Uva Amarilla,26,2014
2014-06-26,N05,69,SAB,Pera Amarilla 2,0.252,Mix,Pera,26,2014
2014-06-26,N05,69,SAB,Pera Roja,0.09,Mix,Pera,26,2014
2014-06-26,N05,69,SAB,Perla,0.108,Mix,Cherry Amarillo,26,2014
2014-06-26,N05,69,SAB,Yellow Jelly Bean,0.126,Mix,Uva Amarilla,26,2014
2014-06-26,N05,70,SAB,Amaí,0.378,Uva,Uva Roja,26,2014
2014-06-26,N05,70,SAB,Amsterdam,0.558,Uva,Uva Roja,26,2014
2014-06-27,N02,27,OSF,Amsterdam,0.1026,Uva,Uva Roja,26,2014
2014-06-27,N02,27,OSF,Habanero Tangerina,0.1197,Mix,Heirloom Cherry,26,2014
2014-06-27,N02,27,OSF,Pera Roja,0.1197,Mix,Pera,26,2014
2014-06-27,N02,27,OSF,Tangerina Grape,0.2052,Mix,Heirloom Cherry,26,2014
2014-06-27,N02,31,OSF,Amaí,0.5985,Uva,Uva Roja,26,2014
2014-06-27,N02,31,OSF,Amsterdam,0.5472,Uva,Uva Roja,26,2014
2014-06-27,N02,31,OSF,Habanero Rojo,0.2907,Mix,Heirloom Cherry,26,2014
2014-06-27,N06,41,OAP,Baby Black Plum,0.0684,Mix,Heirloom Cherry,26,2014
2014-06-27,N06,41,OAP,Black Pear,0.0684,Mix,Heirloom Cherry,26,2014
2014-06-27,N06,41,OAP,Habanero Tangerina,0.0513,Mix,Heirloom Cherry,26,2014
2014-06-27,N06,41,OAP,Honey Bunch,0.1026,Mix,Uva Amarilla,26,2014
2014-06-27,N06,42,OAP,Amaí,0.1197,Uva,Uva Roja,26,2014
2014-06-27,N06,42,OAP,Amsterdam,0.5301,Uva,Uva Roja,26,2014
2014-06-27,N06,42,OAP,Pera Amarilla 2,0.0171,Mix,Pera,26,2014
2014-06-27,N06,42,OAP,Tangerina Grape,0.0855,Mix,Heirloom Cherry,26,2014
2014-06-27,N06,49,OSF,Pera Amarilla 2,0.2736,Mix,Pera,26,2014
2014-06-27,N06,49,OSF,Pera Roja,0.4275,Mix,Pera,26,2014
2014-07-10,N05,37,SFB,Amsterdam,1.1502,Uva,Uva Roja,28,2014
2014-07-11,N05,72,SAB,Amaí,0.918,Uva,Uva Roja,28,2014
2014-07-11,N05,73,SAB,Amsterdam,0.288,Uva,Uva Roja,28,2014
2014-07-11,N05,73,SAB,Felicity,0.432,Cherry,Cherry Rojo,28,2014
2014-07-11,N05,73,SAB,Shiren,0.45,Cherry,Cherry Rojo,28,2014
2014-07-13,N05,26,SFB,Amaí,0.486,Uva,Uva Roja,28,2014
2014-07-13,N05,26,SFB,Pera Amarilla 2,0.1458,Mix,Pera,28,2014
2014-07-13,N05,26,SFB,Perla,0.0324,Mix,Cherry Amarillo,28,2014
2014-07-13,N05,26,SFB,Shiren,0.2268,Cherry,Cherry Rojo,28,2014
2014-07-13,N05,26,SFB,Yellow Jelly Bean,0.0486,Mix,Uva Amarilla,28,2014
2014-07-17,V02,7,VAP,Amaí,0.114,Uva,Uva Roja,29,2014
2014-07-17,V02,7,VAP,Amsterdam,0.7296,Uva,Uva Roja,29,2014
2014-07-17,V02,10,VAP,Amaí,0.3256,Uva,Uva Roja,29,2014
2014-07-17,V02,10,VAP,Felicity,0.0592,Cherry,Cherry Rojo,29,2014
2014-07-17,V02,10,VAP,Shiren,0.5624,Cherry,Cherry Rojo,29,2014
2014-07-19,V02,2,VAP,Amaí,0.1072,Uva,Uva Roja,29,2014
2014-07-19,V02,2,VAP,Amsterdam,0.5092,Uva,Uva Roja,29,2014
2014-07-19,V02,3,VAP,Amsterdam,0.3904,Uva,Uva Roja,29,2014
2014-07-19,V02,8,VAP,Habanero Tangerina,0.308,Mix,Heirloom Cherry,29,2014
2014-07-19,V02,8,VAP,Honey Bunch,0.154,Mix,Uva Amarilla,29,2014
2014-07-19,V02,9,VAP,Baby Black Plum,0.24,Mix,Heirloom Cherry,29,2014
2014-07-19,V02,9,VAP,Black Pear,0.032,Mix,Heirloom Cherry,29,2014
2014-07-19,V02,9,VAP,Black Pear,0.128,Mix,Heirloom Cherry,29,2014
2014-07-19,V02,9,VAP,Honey Bunch,0.224,Mix,Uva Amarilla,29,2014
2014-07-19,V02,9,VAP,Perla,0.048,Mix,Cherry Amarillo,29,2014
2014-07-19,V02,9,VAP,Tangerina Grape,0.112,Mix,Heirloom Cherry,29,2014
2014-07-19,V02,9,VAP,Yellow Jelly Bean,0.08,Mix,Uva Amarilla,29,2014
2014-07-19,V02,23,VAP,Habanero Rojo,0.132,Mix,Heirloom Cherry,29,2014
2014-07-19,V02,29,VAP,Amsterdam,0.1848,Uva,Uva Roja,29,2014
2014-07-19,V02,29,VAP,Habanero Rojo,0.0336,Mix,Heirloom Cherry,29,2014
2014-07-19,V02,29,VAP,Pera Amarilla 2,0.084,Mix,Pera,29,2014
2014-07-19,V02,29,VAP,Pera Amarilla 2,0.168,Mix,Pera,29,2014
2014-07-19,V02,29,VAP,Pera Amarilla 3,0.084,Mix,Pera,29,2014
2014-07-19,V02,29,VAP,Yellow Jelly Bean,0.0336,Mix,Uva Amarilla,29,2014
2014-07-22,V02,56,VAP,Ftm9733,0.0504,Uva,Uva Roja,30,2014
2014-07-22,V02,56,VAP,Ftm9733,0.168,Uva,Uva Roja,30,2014
2014-07-22,V02,56,VAP,Pera Roja,0.0504,Mix,Pera,30,2014
2014-07-22,V02,56,VAP,Pera Roja,0.2016,Mix,Pera,30,2014
2014-08-05,Z17,4,ZJL,Amsterdam,0.7988,Uva,Uva Roja,32,2014
2014-08-05,Z18,2,ZJL,Felicity,0.6638,Cherry,Cherry Rojo,32,2014
2014-08-05,Z18,2,ZJL,Pera Roja,0.09,Mix,Pera,32,2014
2014-08-05,Z18,2,ZJL,Perla,0.045,Mix,Cherry Amarillo,32,2014
2014-08-06,Z17,1,ZJL,Honey Bunch,0.135,Mix,Uva Amarilla,32,2014
2014-08-06,Z17,1,ZJL,Pera Amarilla 2,0.09,Mix,Pera,32,2014
2014-08-06,Z17,1,ZJL,Pera Amarilla 3,0.1013,Mix,Pera,32,2014
2014-08-06,Z17,8,ZJL,Amaí,0.405,Uva,Uva Roja,32,2014
2014-08-06,Z17,8,ZJL,Amsterdam,0.3938,Uva,Uva Roja,32,2014
2014-08-11,Z17,1,ZJL,Amaí,0.0563,Uva,Uva Roja,33,2014
2014-08-11,Z17,1,ZJL,Habanero Rojo,0.135,Mix,Heirloom Cherry,33,2014
2014-08-11,Z17,1,ZJL,Habanero Tangerina,0.0563,Mix,Heirloom Cherry,33,2014
2014-08-11,Z17,1,ZJL,Pera Amarilla 2,0.0788,Mix,Pera,33,2014
2014-08-11,Z17,1,ZJL,Pera Amarilla 3,0.09,Mix,Pera,33,2014
2014-08-11,Z17,1,ZJL,Pera Roja,0.045,Mix,Pera,33,2014
2014-08-12,Z17,3,ZJL,Amsterdam,0.855,Uva,Uva Roja,33,2014
2014-08-12,Z18,1,ZJL,Pera Roja,0.1238,Mix,Pera,33,2014
2014-08-12,Z18,1,ZJL,Tangerina Grape,0.0788,Mix,Heirloom Cherry,33,2014
2014-08-15,Z18,3,ZJL,Amsterdam,0.3375,Uva,Uva Roja,33,2014
2014-08-15,Z18,3,ZJL,Baby Black Plum,0.0788,Mix,Heirloom Cherry,33,2014
2014-08-15,Z18,3,ZJL,Black Pear,0.0675,Mix,Heirloom Cherry,33,2014
2014-08-15,Z18,32,ZJL,Amaí,0.36,Uva,Uva Roja,33,2014
2015-01-27,Z17,2,ZJL,Amaí,0.0986,Uva,Uva Roja,5,2015
2015-01-27,Z17,2,ZJL,Amsterdam,0.63,Uva,Uva Roja,5,2015
2015-01-28,Z17,6,ZJL,Amaí,0.5037,Uva,Uva Roja,5,2015
2015-01-28,Z17,6,ZJL,Ftm9733,0.0657,Uva,Uva Roja,5,2015
2015-01-28,Z17,6,ZJL,Pera Roja,0.1533,Mix,Pera,5,2015
2015-01-28,Z17,6,ZJL,Tangerina Grape,0.0329,Mix,Heirloom Cherry,5,2015
2015-01-31,Z17,1,ZJL,Black Pear,0.0219,Mix,Heirloom Cherry,5,2015
2015-01-31,Z17,1,ZJL,Felicity,0.2738,Cherry,Cherry Rojo,5,2015
2015-01-31,Z17,1,ZJL,Habanero Rojo,0.0767,Mix,Heirloom Cherry,5,2015
2015-01-31,Z17,1,ZJL,Habanero Tangerina,0.0876,Mix,Heirloom Cherry,5,2015
2015-01-31,Z17,1,ZJL,Honey Bunch,0.0876,Mix,Uva Amarilla,5,2015
2015-01-31,Z17,1,ZJL,Shiren,0.2409,Cherry,Cherry Rojo,5,2015
2015-01-31,Z17,5,ZJL,Pera Amarilla 2,0.1095,Mix,Pera,5,2015
2015-01-31,Z17,5,ZJL,Pera Amarilla 3,0.0986,Mix,Pera,5,2015
2015-02-20,Z18,5,ZJL,Amsterdam,0.8438,Uva,Uva Roja,8,2015
2015-02-21,Z18,6,ZJL,Amsterdam,0.2138,Uva,Uva Roja,8,2015
2015-02-21,Z18,6,ZJL,Habanero Rojo,0.2025,Mix,Heirloom Cherry,8,2015
2015-02-21,Z18,6,ZJL,Habanero Tangerina,0.1913,Mix,Heirloom Cherry,8,2015
2015-02-21,Z18,6,ZJL,Tangerina Grape,0.135,Mix,Heirloom Cherry,8,2015
2015-02-21,Z18,8,ZJL,Felicity,0.09,Cherry,Cherry Rojo,8,2015
2015-03-07,V02,15,VAP,Amsterdam,0.208,Uva,Uva Roja,10,2015
2015-03-07,V02,15,VAP,Amsterdam,0.2808,Uva,Uva Roja,10,2015
2015-03-07,V02,18,VAP,Amsterdam,0.0664,Uva,Uva Roja,10,2015
2015-03-07,V02,19,VAP,Amsterdam,0.4056,Uva,Uva Roja,10,2015
2015-03-07,V02,22,VAP,Shiren,0.164,Cherry,Cherry Rojo,10,2015
2015-03-07,V02,23,VAP,Amsterdam,0.106,Uva,Uva Roja,10,2015
2015-03-07,V02,23,VAP,Ftm9733,0.3604,Uva,Uva Roja,10,2015
2015-03-07,V02,26,VAP,Shiren,0.176,Cherry,Cherry Rojo,10,2015
2015-03-11,V02,27,VAP,Habanero Rojo,0.316,Mix,Heirloom Cherry,11,2015
2015-03-11,V02,27,VAP,Honey Bunch,0.1264,Mix,Uva Amarilla,11,2015
2015-03-11,V02,27,VAP,Pera Amarilla 2,0.079,Mix,Pera,11,2015
2015-03-11,V02,27,VAP,Pera Amarilla 2,0.1422,Mix,Pera,11,2015
2015-03-11,V02,27,VAP,Pera Amarilla 3,0.0632,Mix,Pera,11,2015
2015-03-11,V02,27,VAP,Pera Roja,0.079,Mix,Pera,11,2015
2015-03-11,V02,27,VAP,Tangerina Grape,0.2844,Mix,Heirloom Cherry,11,2015
2015-03-11,V02,28,VAP,Habanero Rojo,0.1748,Mix,Heirloom Cherry,11,2015
2015-03-11,V02,28,VAP,Habanero Tangerina,0.506,Mix,Heirloom Cherry,11,2015
2015-03-12,V02,26,VAP,Baby Black Plum,0.088,Mix,Heirloom Cherry,11,2015
2015-03-12,V02,26,VAP,Pera Roja,0.1232,Mix,Pera,11,2015
2015-03-12,V02,26,VAP,Perla,0.3872,Mix,Cherry Amarillo,11,2015
2015-03-13,Z18,1,ZJL,Black Pear,0.0113,Mix,Heirloom Cherry,11,2015
2015-03-13,Z18,1,ZJL,Felicity,0.0788,Cherry,Cherry Rojo,11,2015
2015-03-18,N02,15,OAP,Amaí,0.2394,Uva,Uva Roja,12,2015
2015-03-18,N02,15,OAP,Amsterdam,0.1197,Uva,Uva Roja,12,2015
2015-03-18,N02,15,OAP,Felicity,0.1197,Cherry,Cherry Rojo,12,2015
2015-03-18,N02,15,OAP,Ftm9733,0.1368,Uva,Uva Roja,12,2015
2015-03-18,N02,15,OAP,Shiren,0.0342,Cherry,Cherry Rojo,12,2015
2015-03-18,N02,18,OAP,Amsterdam,0.1967,Uva,Uva Roja,12,2015
2015-03-18,N02,18,OAP,Black Pear,0.0513,Mix,Heirloom Cherry,12,2015
2015-03-18,N02,18,OAP,Habanero Rojo,0.0684,Mix,Heirloom Cherry,12,2015
2015-03-18,N02,18,OAP,Habanero Tangerina,0.077,Mix,Heirloom Cherry,12,2015
2015-03-18,N02,18,OAP,Pera Amarilla 2,0.0684,Mix,Pera,12,2015
2015-03-18,N02,18,OAP,Pera Amarilla 3,0.0513,Mix,Pera,12,2015
2015-03-20,V02,12,VAP,Amaí,0.3294,Uva,Uva Roja,12,2015
2015-03-20,V02,12,VAP,Amsterdam,0.2562,Uva,Uva Roja,12,2015
2015-03-20,V02,16,VAP,Amsterdam,0.56,Uva,Uva Roja,12,2015
2015-03-21,V02,16,VAP,Ftm9733,0.18,Uva,Uva Roja,12,2015
2015-03-21,V02,20,VAP,Felicity,0.552,Cherry,Cherry Rojo,12,2015
2015-03-21,V02,20,VAP,Ftm9733,0.184,Uva,Uva Roja,12,2015
2015-03-21,V02,20,VAP,Shiren,0.092,Cherry,Cherry Rojo,12,2015
2015-03-21,V02,24,VAP,Pera Amarilla 2,0.099,Mix,Pera,12,2015
2015-03-21,V02,24,VAP,Pera Amarilla 2,0.154,Mix,Pera,12,2015
2015-03-21,V02,24,VAP,Pera Amarilla 3,0.099,Mix,Pera,12,2015
2015-03-21,V02,24,VAP,Shiren,0.165,Cherry,Cherry Rojo,12,2015
2015-03-24,V02,31,VAP,Habanero Rojo,0.0757,Mix,Heirloom Cherry,13,2015
2015-03-24,V02,31,VAP,Habanero Rojo,0.1059,Mix,Heirloom Cherry,13,2015
2015-03-24,V02,31,VAP,Habanero Tangerina,0.1967,Mix,Heirloom Cherry,13,2015
2015-03-24,V02,31,VAP,Honey Bunch,0.0908,Mix,Uva Amarilla,13,2015
2015-03-24,V02,31,VAP,Olivia,0.4236,Uva,Uva Roja,13,2015
2015-03-24,V02,31,VAP,Pera Roja,0.1059,Mix,Pera,13,2015
2015-03-24,V02,31,VAP,Perla,0.0303,Mix,Cherry Amarillo,13,2015
2015-03-24,V02,31,VAP,Tangerina Grape,0.1059,Mix,Heirloom Cherry,13,2015
2015-03-24,V02,32,VAP,Pera Roja,0.3168,Mix,Pera,13,2015
2015-03-24,V02,32,VAP,Perla,0.048,Mix,Cherry Amarillo,13,2015
2015-03-26,N02,28,OSF,Amaí,0.4275,Uva,Uva Roja,13,2015
2015-03-26,N02,29,OSF,Felicity,0.1539,Cherry,Cherry Rojo,13,2015
2015-03-30,N05,24,SFB,Habanero Rojo,0.1296,Mix,Heirloom Cherry,14,2015
2015-03-30,N05,24,SFB,Habanero Tangerina,0.162,Mix,Heirloom Cherry,14,2015
2015-03-30,N05,24,SFB,Pera Amarilla 2,0.1296,Mix,Pera,14,2015
2015-03-30,N05,24,SFB,Perla,0.0972,Mix,Cherry Amarillo,14,2015
2015-03-30,N05,24,SFB,Tangerina Grape,0.162,Mix,Heirloom Cherry,14,2015
2015-03-30,N05,31,SFB,Amaí,0.2592,Uva,Uva Roja,14,2015
2015-03-30,V02,2,VAP,Amaí,0.42,Uva,Uva Roja,14,2015
2015-03-30,V02,2,VAP,Amsterdam,0.112,Uva,Uva Roja,14,2015
2015-03-30,V02,2,VAP,Ftm9733,0.168,Uva,Uva Roja,14,2015
2015-03-30,V02,3,VAP,Amsterdam,0.0366,Uva,Uva Roja,14,2015
2015-03-30,V02,3,VAP,Felicity,0.183,Cherry,Cherry Rojo,14,2015
2015-03-30,V02,3,VAP,Pera Amarilla 2,0.0854,Mix,Pera,14,2015
2015-03-30,V02,3,VAP,Shiren,0.0976,Cherry,Cherry Rojo,14,2015
2015-03-30,V02,10,VAP,Perla,0.2198,Mix,Cherry Amarillo,14,2015
2015-04-07,N05,28,SAB,Black Pear,0.018,Mix,Heirloom Cherry,15,2015
2015-04-07,N05,28,SAB,Habanero Rojo,0.162,Mix,Heirloom Cherry,15,2015
2015-04-07,N05,28,SAB,Habanero Tangerina,0.108,Mix,Heirloom Cherry,15,2015
2015-04-07,N05,28,SAB,Habanero Tangerina,0.144,Mix,Heirloom Cherry,15,2015
2015-04-07,N05,28,SAB,Honey Bunch,0.126,Mix,Uva Amarilla,15,2015
2015-04-07,N05,28,SAB,Pera Amarilla 2,0.018,Mix,Pera,15,2015
2015-04-07,N05,28,SAB,Pera Amarilla 2,0.324,Mix,Pera,15,2015
2015-04-07,N05,28,SAB,Pera Roja,0.216,Mix,Pera,15,2015
2015-04-07,N05,28,SAB,Pera Roja,0.252,Mix,Pera,15,2015
2015-04-07,N05,28,SAB,Perla,0.18,Mix,Cherry Amarillo,15,2015
2015-04-07,N05,28,SAB,Tangerina Grape,0.108,Mix,Heirloom Cherry,15,2015
2015-04-07,N05,32,SAB,Amaí,0.72,Uva,Uva Roja,15,2015
2015-04-07,N05,32,SAB,Felicity,0.27,Cherry,Cherry Rojo,15,2015
2015-04-07,N05,32,SAB,Ftm9733,0.198,Uva,Uva Roja,15,2015
2015-04-07,N05,32,SAB,Shiren,0.144,Cherry,Cherry Rojo,15,2015
2015-04-17,N05,4,SAB,Amaí,0.09,Uva,Uva Roja,16,2015
2015-04-17,N05,4,SAB,Amsterdam,0.702,Uva,Uva Roja,16,2015
2015-04-17,N05,5,SAB,Ftm9733,0.756,Uva,Uva Roja,16,2015
2015-04-17,N05,11,SAB,Black Pear,0.054,Mix,Heirloom Cherry,16,2015
2015-04-17,N05,11,SAB,Felicity,0.27,Cherry,Cherry Rojo,16,2015
2015-04-17,N05,11,SAB,Habanero Rojo,0.09,Mix,Heirloom Cherry,16,2015
2015-04-17,N05,11,SAB,Honey Bunch,0.09,Mix,Uva Amarilla,16,2015
2015-04-17,N05,11,SAB,Pera Amarilla 2,0.09,Mix,Pera,16,2015
2015-04-17,N05,11,SAB,Pera Amarilla 2,0.18,Mix,Pera,16,2015
2015-04-17,N05,11,SAB,Pera Roja,0.126,Mix,Pera,16,2015
2015-04-17,N05,11,SAB,Perla,0.09,Mix,Cherry Amarillo,16,2015
2015-04-17,N05,11,SAB,Shiren,0.126,Cherry,Cherry Rojo,16,2015
2015-04-17,N05,11,SAB,Tangerina Grape,0.072,Mix,Heirloom Cherry,16,2015
2015-04-30,N05,13,SFB,Shiren,0.243,Cherry,Cherry Rojo,18,2015
2015-04-30,N05,21,SFB,Pera Amarilla 2,0.1944,Mix,Pera,18,2015
2015-04-30,N05,21,SFB,Pera Roja,0.1296,Mix,Pera,18,2015
2015-04-30,N05,21,SFB,Perla,0.0324,Mix,Cherry Amarillo,18,2015
2015-04-30,N05,21,SFB,Top 2200,0.0486,Mix,Cherry Naranja,18,2015
2015-04-30,N05,25,SFB,Black Pear,0.0162,Mix,Heirloom Cherry,18,2015
2015-04-30,N05,25,SFB,Felicity,0.405,Cherry,Cherry Rojo,18,2015
2015-04-30,N05,25,SFB,Habanero Rojo,0.0972,Mix,Heirloom Cherry,18,2015
2015-04-30,N05,25,SFB,Habanero Tangerina,0.0972,Mix,Heirloom Cherry,18,2015
2015-04-30,N05,30,SFB,Amaí,0.1134,Uva,Uva Roja,18,2015
2015-04-30,N05,30,SFB,Honey Bunch,0.0972,Mix,Uva Amarilla,18,2015
2015-05-12,N06,39,OAP,Baby Black Plum,0.0342,Mix,Heirloom Cherry,20,2015
2015-05-12,N06,39,OAP,Black Pear,0.0171,Mix,Heirloom Cherry,20,2015
2015-05-12,N06,39,OAP,Black Pear,0.0342,Mix,Heirloom Cherry,20,2015
2015-05-12,N06,39,OAP,Habanero Rojo,0.0855,Mix,Heirloom Cherry,20,2015
2015-05-12,N06,39,OAP,Habanero Tangerina,0.1197,Mix,Heirloom Cherry,20,2015
2015-05-12,N06,39,OAP,Honey Bunch,0.0513,Mix,Uva Amarilla,20,2015
2015-05-12,N06,39,OAP,Pera Amarilla 2,0.0855,Mix,Pera,20,2015
2015-05-12,N06,39,OAP,Pera Amarilla 3,0.0342,Mix,Pera,20,2015
2015-05-12,N06,39,OAP,Pera Roja,0.1197,Mix,Pera,20,2015
2015-05-12,N06,39,OAP,Perla,0.1539,Mix,Cherry Amarillo,20,2015
2015-05-12,N06,39,OAP,Tangerina Grape,0.2565,Mix,Heirloom Cherry,20,2015
2015-05-12,N06,40,OAP,Amsterdam,0.0513,Uva,Uva Roja,20,2015
2015-05-12,N06,40,OAP,Black Pear,0.0171,Mix,Heirloom Cherry,20,2015
2015-05-12,N06,40,OAP,Ftm9733,0.1368,Uva,Uva Roja,20,2015
2015-05-12,N06,40,OAP,L-18,0.0342,Cherry,Cherry Rojo,20,2015
2015-05-12,N06,40,OAP,Top 2200,0.0342,Mix,Cherry Naranja,20,2015
2015-05-12,N06,46,OAP,Amsterdam,0.4275,Uva,Uva Roja,20,2015
2015-05-12,N06,46,OAP,Felicity,0.2565,Cherry,Cherry Rojo,20,2015
2015-05-12,N06,46,OAP,Shiren,0.1368,Cherry,Cherry Rojo,20,2015
2015-05-27,N02,33,OSF,Black Pear,0.0342,Mix,Heirloom Cherry,22,2015
2015-05-27,N02,33,OSF,Felicity,0.1881,Cherry,Cherry Rojo,22,2015
2015-05-27,N02,33,OSF,Habanero Rojo,0.0684,Mix,Heirloom Cherry,22,2015
2015-05-27,N02,33,OSF,Habanero Tangerina,0.0855,Mix,Heirloom Cherry,22,2015
2015-05-27,N02,33,OSF,Honey Bunch,0.0684,Mix,Uva Amarilla,22,2015
2015-05-27,N02,33,OSF,L-18,0.1197,Cherry,Cherry Rojo,22,2015
2015-05-27,N02,33,OSF,Pera Amarilla 2,0.342,Mix,Pera,22,2015
2015-05-27,N02,33,OSF,Pera Roja,0.3078,Mix,Pera,22,2015
2015-05-27,N02,33,OSF,Top 2200,0.0342,Mix,Cherry Naranja,22,2015
2015-05-28,N06,41,OAP,Amsterdam,0.216,Uva,Uva Roja,22,2015
2015-05-28,N06,42,OAP,Amsterdam,0.4536,Uva,Uva Roja,22,2015
2015-05-28,N06,42,OAP,Ftm9733,0.243,Uva,Uva Roja,22,2015
2015-05-28,N06,45,OAP,Felicity,0.2916,Cherry,Cherry Rojo,22,2015
2015-05-28,N06,45,OAP,Ftm9733,0.0324,Uva,Uva Roja,22,2015
2015-05-28,N06,45,OAP,Pera Amarilla 2,0.081,Mix,Pera,22,2015
2015-05-28,N06,45,OAP,Pera Roja,0.1782,Mix,Pera,22,2015
2015-05-28,N06,45,OAP,Shiren,0.1944,Cherry,Cherry Rojo,22,2015
2015-05-29,N02,34,OSF,Tymoty,0.1539,Cherry,Cherry Rojo,22,2015
2015-06-13,N06,44,OAP,Amsterdam,0.2268,Uva,Uva Roja,24,2015
2015-06-13,N06,44,OAP,Felicity,0.0486,Cherry,Cherry Rojo,24,2015
2015-06-13,N06,44,OAP,Honey Bunch,0.0972,Mix,Uva Amarilla,24,2015
2015-06-13,N06,44,OAP,L-18,0.1134,Cherry,Cherry Rojo,24,2015
2015-06-13,N06,44,OAP,Shiren,0.1782,Cherry,Cherry Rojo,24,2015
2015-06-13,N06,44,OAP,Tymoty,0.0486,Cherry,Cherry Rojo,24,2015
2015-06-15,N05,21,SFB,Amaí,0.4698,Uva,Uva Roja,25,2015
2015-06-15,N05,27,SFB,Habanero Rojo,0.081,Mix,Heirloom Cherry,25,2015
2015-06-15,N05,27,SFB,L-18,0.081,Cherry,Cherry Rojo,25,2015
2015-06-15,N05,27,SFB,Pera Amarilla 2,0.243,Mix,Pera,25,2015
2015-06-15,N05,27,SFB,Shiren,0.2268,Cherry,Cherry Rojo,25,2015
2015-06-15,N06,38,OSF,Amaí,0.2565,Uva,Uva Roja,25,2015
2015-06-15,N06,38,OSF,Amsterdam,0.3762,Uva,Uva Roja,25,2015
2015-06-15,N06,47,OSF,Pera Amarilla 2,0.1881,Mix,Pera,25,2015
2015-06-15,N06,47,OSF,Pera Roja,0.1881,Mix,Pera,25,2015
2015-06-15,N06,47,OSF,Shiren,0.1368,Cherry,Cherry Rojo,25,2015
2015-06-16,N07,59,OAP,Amaí,0.4959,Uva,Uva Roja,25,2015
2015-06-16,N07,59,OAP,Ftm9733,0.2565,Uva,Uva Roja,25,2015
2015-06-16,N07,60,OAP,Felicity,0.4446,Cherry,Cherry Rojo,25,2015
2015-06-16,N07,60,OAP,Pera Amarilla 2,0.0684,Mix,Pera,25,2015
2015-06-16,N07,60,OAP,Pera Amarilla 3,0.2052,Mix,Pera,25,2015
2015-06-17,N02,49,OSF,Shiren,0.2052,Cherry,Cherry Rojo,25,2015
2015-06-17,N06,49,OSF,Honey Bunch,0.0684,Mix,Uva Amarilla,25,2015
2015-06-17,N06,49,OSF,Honey Bunch,0.0691,Mix,Uva Amarilla,25,2015
2015-06-17,N06,49,OSF,Pera Amarilla 2,0.2052,Mix,Pera,25,2015
2015-06-17,N06,49,OSF,Pera Roja,0.2052,Mix,Pera,25,2015
2015-06-17,N06,49,OSF,Shiren,0.2052,Cherry,Cherry Rojo,25,2015
2015-06-20,N07,53,OAP,Ftm9733,0.2106,Uva,Uva Roja,25,2015
2015-06-20,N07,54,OAP,Amaí,0.1458,Uva,Uva Roja,25,2015
2015-06-20,N07,54,OAP,Amsterdam,0.5508,Uva,Uva Roja,25,2015
2015-06-20,N07,55,OAP,Black Pear,0.0324,Mix,Heirloom Cherry,25,2015
2015-06-20,N07,55,OAP,Pera Amarilla 2,0.1458,Mix,Pera,25,2015
2015-06-20,N07,55,OAP,Pera Amarilla 3,0.0648,Mix,Pera,25,2015
2015-06-20,N07,55,OAP,Pera Roja,0.2592,Mix,Pera,25,2015
2015-06-27,N02,30,OSF,Ftm9733,0.1026,Uva,Uva Roja,26,2015
2015-06-27,N02,30,OSF,Habanero Rojo,0.1368,Mix,Heirloom Cherry,26,2015
2015-06-27,N02,30,OSF,Habanero Tangerina,0.1368,Mix,Heirloom Cherry,26,2015
2015-06-27,N02,30,OSF,Tangerina Grape,0.1368,Mix,Heirloom Cherry,26,2015
2015-06-28,N02,35,OSF,Amaí,0.2736,Uva,Uva Roja,26,2015
2015-06-28,N02,35,OSF,Pera Roja,0.0684,Mix,Pera,26,2015
2015-06-30,N06,43,OAP,Amsterdam,0.7128,Uva,Uva Roja,27,2015
2015-06-30,N07,55,OAP,Habanero Rojo,0.1296,Mix,Heirloom Cherry,27,2015
2015-06-30,N07,55,OAP,Habanero Tangerina,0.0972,Mix,Heirloom Cherry,27,2015
2015-06-30,N07,55,OAP,Tangerina Grape,0.0486,Mix,Heirloom Cherry,27,2015
2015-06-30,N07,57,OAP,Habanero Rojo,0.0648,Mix,Heirloom Cherry,27,2015
2015-06-30,N07,57,OAP,Habanero Tangerina,0.0972,Mix,Heirloom Cherry,27,2015
2015-06-30,N07,57,OAP,Pera Amarilla 2,0.0648,Mix,Pera,27,2015
2015-06-30,N07,57,OAP,Pera Amarilla 2,0.081,Mix,Pera,27,2015
2015-06-30,N07,57,OAP,Pera Amarilla 2,0.0972,Mix,Pera,27,2015
2015-06-30,N07,57,OAP,Pera Roja,0.1944,Mix,Pera,27,2015
2015-06-30,N07,57,OAP,Tangerina Grape,0.0324,Mix,Heirloom Cherry,27,2015
2015-06-30,N07,67,OAP,Felicity,0.2907,Cherry,Cherry Rojo,27,2015
2015-06-30,N07,67,OAP,Shiren,0.3933,Cherry,Cherry Rojo,27,2015
2015-07-01,N07,66,OAP,Amaí,0.1368,Uva,Uva Roja,27,2015
2015-07-01,N07,66,OAP,Amsterdam,0.1026,Uva,Uva Roja,27,2015
2015-07-01,N07,66,OAP,Felicity,0.1539,Cherry,Cherry Rojo,27,2015
2015-07-01,N07,66,OAP,Honey Bunch,0.171,Mix,Uva Amarilla,27,2015
2015-07-01,N07,66,OAP,Tymoty,0.1134,Cherry,Cherry Rojo,27,2015
2015-07-05,N05,35,SFB,Tangerina Grape,0.081,Mix,Heirloom Cherry,27,2015
2015-07-08,N02,6,OAP,Amaí,0.1377,Uva,Uva Roja,28,2015
2015-07-08,N02,6,OAP,Amsterdam,0.3213,Uva,Uva Roja,28,2015
2015-07-08,N02,6,OAP,Pera Amarilla 2,0.0459,Mix,Pera,28,2015
2015-07-08,N02,6,OAP,Tangerina Grape,0.0459,Mix,Heirloom Cherry,28,2015
2015-07-08,N02,11,OAP,Habanero Rojo,0.0612,Mix,Heirloom Cherry,28,2015
2015-07-08,N02,11,OAP,Habanero Tangerina,0.1071,Mix,Heirloom Cherry,28,2015
2015-07-08,N02,11,OAP,Honey Bunch,0.1377,Mix,Uva Amarilla,28,2015
2015-07-08,N02,11,OAP,Pera Amarilla 2,0.0153,Mix,Pera,28,2015
2015-07-08,N02,11,OAP,Perla,0.1989,Mix,Cherry Amarillo,28,2015
2015-07-08,N02,11,OAP,Tymoty,0.0918,Cherry,Cherry Rojo,28,2015
2015-07-13,N05,34,SFB,Amsterdam,0.7128,Uva,Uva Roja,29,2015
2015-07-13,N05,35,SFB,Pera Amarilla 2,0.0972,Mix,Pera,29,2015
2015-07-13,N05,35,SFB,Shiren,0.1782,Cherry,Cherry Rojo,29,2015
2015-07-17,N02,2,OAP,Amsterdam,0.324,Uva,Uva Roja,29,2015
2015-07-17,N02,2,OAP,Felicity,0.1944,Cherry,Cherry Rojo,29,2015
2015-07-17,N02,2,OAP,Pera Amarilla 2,0.0324,Mix,Pera,29,2015
2015-07-17,N02,2,OAP,Shiren,0.162,Cherry,Cherry Rojo,29,2015
2015-07-17,N02,2,OAP,Tangerina Grape,0.0648,Mix,Heirloom Cherry,29,2015
2015-07-17,N02,3,OAP,Amsterdam,0.0972,Uva,Uva Roja,29,2015
2015-07-17,N02,3,OAP,Honey Bunch,0.081,Mix,Uva Amarilla,29,2015
2015-07-17,N02,3,OAP,L-18,0.0162,Cherry,Cherry Rojo,29,2015
2015-07-17,N02,3,OAP,Pera Amarilla 2,0.0324,Mix,Pera,29,2015
2015-07-17,N02,3,OAP,Pera Amarilla 2,0.1458,Mix,Pera,29,2015
2015-07-17,N02,3,OAP,Pera Roja,0.0486,Mix,Pera,29,2015
2015-07-17,N02,3,OAP,Pera Roja,0.1134,Mix,Pera,29,2015
2015-07-18,V01,42,VAP,Amaí,0.0726,Uva,Uva Roja,29,2015
2015-07-18,V01,42,VAP,Amsterdam,0.2178,Uva,Uva Roja,29,2015
2015-07-18,V01,42,VAP,Baby Black Plum,0.121,Mix,Heirloom Cherry,29,2015
2015-07-18,V01,42,VAP,Black Pear,0.0726,Mix,Heirloom Cherry,29,2015
2015-07-18,V01,42,VAP,Habanero Rojo,0.121,Mix,Heirloom Cherry,29,2015
2015-07-18,V01,42,VAP,Habanero Tangerina,0.0968,Mix,Heirloom Cherry,29,2015
2015-07-18,V01,42,VAP,Honey Bunch,0.1694,Mix,Uva Amarilla,29,2015
2015-07-18,V01,42,VAP,L-18,0.0968,Cherry,Cherry Rojo,29,2015
2015-07-18,V01,42,VAP,Pera Roja,0.121,Mix,Pera,29,2015
2015-07-18,V01,42,VAP,Rotterdam,0.121,Uva,Uva Roja,29,2015
2015-07-18,V02,49,VAP,Felicity,0.3528,Cherry,Cherry Rojo,29,2015
2015-07-18,V02,49,VAP,Honey Bunch,0.1176,Mix,Uva Amarilla,29,2015
2015-07-18,V02,49,VAP,Pera Amarilla 2,0.196,Mix,Pera,29,2015
2015-07-18,V02,49,VAP,Tangerina Grape,0.0588,Mix,Heirloom Cherry,29,2015
2015-07-18,V02,54,VAP,Amsterdam,0.0744,Uva,Uva Roja,29,2015
2015-07-18,V02,54,VAP,Black Pear,0.0186,Mix,Heirloom Cherry,29,2015
2015-07-18,V02,54,VAP,Ftm9733,0.0372,Uva,Uva Roja,29,2015
2015-07-18,V02,54,VAP,Habanero Rojo,0.093,Mix,Heirloom Cherry,29,2015
2015-07-18,V02,54,VAP,Habanero Tangerina,0.1116,Mix,Heirloom Cherry,29,2015
2015-07-18,V02,54,VAP,Honey Bunch,0.0744,Mix,Uva Amarilla,29,2015
2015-07-18,V02,54,VAP,Honey Bunch,0.1302,Mix,Uva Amarilla,29,2015
2015-07-18,V02,54,VAP,Pera Amarilla 2,0.0186,Mix,Pera,29,2015
2015-07-18,V02,54,VAP,Pera Roja,0.1302,Mix,Pera,29,2015
2015-07-18,V02,54,VAP,Perla,0.0744,Mix,Cherry Amarillo,29,2015
2015-07-21,S03,1,SAB,Amaí,0.495,Uva,Uva Roja,30,2015
2015-07-21,S03,1,SAB,Amsterdam,0.105,Uva,Uva Roja,30,2015
2015-07-25,V01,43,VAP,Amaí,0.391,Uva,Uva Roja,30,2015
2015-07-25,V01,43,VAP,Amsterdam,0.759,Uva,Uva Roja,30,2015
2015-07-25,V01,43,VAP,Felicity,0.345,Cherry,Cherry Rojo,30,2015
2015-07-25,V01,44,VAP,Amsterdam,0.2128,Uva,Uva Roja,30,2015
2015-07-25,V01,44,VAP,Shiren,0.28,Cherry,Cherry Rojo,30,2015
2015-07-25,V01,44,VAP,Tymoty,0.0784,Cherry,Cherry Rojo,30,2015
2015-07-25,V02,53,VAP,Amaí,0.1488,Uva,Uva Roja,30,2015
2015-07-25,V02,53,VAP,Pera Amarilla 2,0.1116,Mix,Pera,30,2015
2015-07-25,V02,53,VAP,Pera Amarilla 3,0.093,Mix,Pera,30,2015
2015-07-25,V02,53,VAP,Perla,0.093,Mix,Cherry Amarillo,30,2015
2015-07-25,V02,53,VAP,Rotterdam,0.0558,Uva,Uva Roja,30,2015
2015-07-25,V02,53,VAP,Tymoty,0.0558,Cherry,Cherry Rojo,30,2015
2015-07-27,S03,4,SAB,Amsterdam,0.055,Uva,Uva Roja,31,2015
2015-07-27,S03,4,SAB,Felicity,0.175,Cherry,Cherry Rojo,31,2015
2015-07-27,S03,4,SAB,Honey Bunch,0.0864,Mix,Uva Amarilla,31,2015
2015-07-27,S03,4,SAB,Pera Amarilla 2,0.09,Mix,Pera,31,2015
2015-07-27,S03,4,SAB,Pera Amarilla 3,0.02,Mix,Pera,31,2015
2015-07-27,S03,4,SAB,Pera Roja,0.11,Mix,Pera,31,2015
2015-07-27,S03,4,SAB,Rotterdam,0.035,Uva,Uva Roja,31,2015
2015-07-27,S03,4,SAB,Shiren,0.085,Cherry,Cherry Rojo,31,2015
2015-07-29,N02,3,OAP,Amaí,0.081,Uva,Uva Roja,31,2015
2015-07-29,N02,3,OAP,Amsterdam,0.0648,Uva,Uva Roja,31,2015
2015-08-07,Z18,5,ZJL,Amsterdam,0.4388,Uva,Uva Roja,32,2015
2015-08-07,Z18,5,ZJL,Ftm9733,0.1238,Uva,Uva Roja,32,2015
2015-08-08,Z18,2,ZJL,Felicity,0.1688,Cherry,Cherry Rojo,32,2015
2015-08-11,Z18,3,ZJL,Habanero Rojo,0.1013,Mix,Heirloom Cherry,33,2015
2015-08-11,Z18,3,ZJL,Habanero Tangerina,0.1463,Mix,Heirloom Cherry,33,2015
2015-08-11,Z18,3,ZJL,Honey Bunch,0.0675,Mix,Uva Amarilla,33,2015
2015-08-11,Z18,3,ZJL,L-18,0.0563,Cherry,Cherry Rojo,33,2015
2015-08-11,Z18,3,ZJL,Pera Amarilla 2,0.0563,Mix,Pera,33,2015
2015-08-11,Z18,3,ZJL,Pera Amarilla 3,0.1238,Mix,Pera,33,2015
2015-08-11,Z18,3,ZJL,Pera Roja,0.18,Mix,Pera,33,2015
2015-08-11,Z18,3,ZJL,Perla,0.0675,Mix,Cherry Amarillo,33,2015
2015-08-11,Z18,3,ZJL,Tangerina Grape,0.0675,Mix,Heirloom Cherry,33,2015
2015-08-20,Z17,3,ZJL,Amaí,0.4725,Uva,Uva Roja,34,2015
2015-08-20,Z17,3,ZJL,Olivia,0.3825,Uva,Uva Roja,34,2015
2015-08-20,Z18,5,ZJL,Amaí,0.27,Uva,Uva Roja,34,2015
2015-08-21,Z17,7,ZJL,Rotterdam,0.7425,Uva,Uva Roja,34,2015
2015-08-21,Z18,1,ZJL,Felicity,0.2588,Cherry,Cherry Rojo,34,2015
2015-08-21,Z18,1,ZJL,Olivia,0.405,Uva,Uva Roja,34,2015
2015-08-21,Z18,1,ZJL,Tymoty,0.1238,Cherry,Cherry Rojo,34,2015
2015-08-24,Z17,7,ZJL,Olivia,0.045,Uva,Uva Roja,35,2015
2015-08-24,Z17,7,ZJL,Tangerina Grape,0.0675,Mix,Heirloom Cherry,35,2015
2015-08-24,Z18,6,ZJL,Habanero Rojo,0.09,Mix,Heirloom Cherry,35,2015
2015-08-24,Z18,6,ZJL,Habanero Tangerina,0.1125,Mix,Heirloom Cherry,35,2015
2015-08-24,Z18,6,ZJL,Honey Bunch,0.1125,Mix,Uva Amarilla,35,2015
2015-08-24,Z18,6,ZJL,Pera Amarilla 2,0.09,Mix,Pera,35,2015
2015-08-24,Z18,6,ZJL,Pera Amarilla 3,0.09,Mix,Pera,35,2015
2015-08-24,Z18,6,ZJL,Pera Roja,0.18,Mix,Pera,35,2015
2015-08-24,Z18,6,ZJL,Perla,0.0788,Mix,Cherry Amarillo,35,2015
2015-08-24,Z18,6,ZJL,Tangerina Grape,0.0338,Mix,Heirloom Cherry,35,2015
2015-08-24,Z18,6,ZJL,Top 2200,0.0338,Mix,Cherry Naranja,35,2015
2016-02-07,Z17,1,ZJL,Santawest,0.18,Uva,Uva Roja,5,2016
2016-02-07,Z17,1,ZJL,Shiren,0.1238,Cherry,Cherry Rojo,5,2016
2016-02-07,Z17,1,ZJL,Tymoty,0.2475,Cherry,Cherry Rojo,5,2016
2016-02-08,Z17,2,ZJL,Amsterdam,0.7425,Uva,Uva Roja,6,2016
2016-02-08,Z17,2,ZJL,Santawest,0.0338,Uva,Uva Roja,6,2016
2016-02-09,Z17,6,ZJL,Habanero Rojo,0.135,Mix,Heirloom Cherry,6,2016
2016-02-09,Z17,6,ZJL,Habanero Tangerina,0.135,Mix,Heirloom Cherry,6,2016
2016-02-09,Z17,6,ZJL,Honey Bunch,0.045,Mix,Uva Amarilla,6,2016
2016-02-09,Z17,6,ZJL,Pera Amarilla 2,0.1013,Mix,Pera,6,2016
2016-02-09,Z17,6,ZJL,Pera Amarilla 3,0.045,Mix,Pera,6,2016
2016-02-09,Z17,6,ZJL,Pera Roja,0.1463,Mix,Pera,6,2016
2016-02-09,Z17,6,ZJL,Perla,0.0563,Mix,Cherry Amarillo,6,2016
2016-02-09,Z17,6,ZJL,Tangerina Grape,0.1125,Mix,Heirloom Cherry,6,2016
2016-02-20,Z17,1,ZJL,Tymoty,0.27,Cherry,Cherry Rojo,7,2016
2016-02-20,Z17,5,ZJL,Amsterdam,0.1013,Uva,Uva Roja,7,2016
2016-02-20,Z17,5,ZJL,Habanero Tangerina,0.0113,Mix,Heirloom Cherry,7,2016
2016-02-20,Z17,5,ZJL,Honey Bunch,0.0788,Mix,Uva Amarilla,7,2016
2016-02-20,Z17,5,ZJL,Pera Amarilla 2,0.135,Mix,Pera,7,2016
2016-02-20,Z17,5,ZJL,Pera Amarilla 3,0.1013,Mix,Pera,7,2016
2016-02-20,Z17,5,ZJL,Pera Roja,0.09,Mix,Pera,7,2016
2016-02-20,Z17,5,ZJL,Perla,0.0675,Mix,Cherry Amarillo,7,2016
2016-02-20,Z17,5,ZJL,Tymoty,0.2363,Cherry,Cherry Rojo,7,2016
2016-02-22,Z18,3,ZJL,Amsterdam,0.855,Uva,Uva Roja,8,2016
2016-03-21,V02,13,VAP,Amsterdam,0.738,Uva,Uva Roja,12,2016
2016-03-21,V02,14,VAP,Amsterdam,0.0616,Uva,Uva Roja,12,2016
2016-03-21,V02,15,VAP,Pera Amarilla 2,0.3182,Mix,Pera,12,2016
2016-03-21,V02,15,VAP,Pera Roja,0.0774,Mix,Pera,12,2016
2016-03-21,V02,19,VAP,Pera Amarilla 3,0.043,Mix,Pera,12,2016
2016-03-21,V02,19,VAP,Pera Roja,0.3096,Mix,Pera,12,2016
2016-03-21,V02,23,VAP,Pera Amarilla 3,0.132,Mix,Pera,12,2016
2016-03-22,V02,12,VAP,Amsterdam,0.0312,Uva,Uva Roja,12,2016
2016-03-22,V02,12,VAP,Ftm9733,0.4472,Uva,Uva Roja,12,2016
2016-03-22,V02,16,VAP,Amsterdam,0.3264,Uva,Uva Roja,12,2016
2016-03-22,V02,23,VAP,Honey Bunch,0.0176,Mix,Uva Amarilla,12,2016
2016-03-22,V02,23,VAP,Perla,0.176,Mix,Cherry Amarillo,12,2016
2016-03-22,V02,23,VAP,Tymoty,0.0616,Cherry,Cherry Rojo,12,2016
2016-03-22,V02,27,VAP,Prolyco,0.1608,Cherry,Cherry Rojo,12,2016
2016-03-22,V02,28,VAP,Ftm9733,0.598,Uva,Uva Roja,12,2016
2016-03-22,V02,28,VAP,Honey Bunch,0.377,Mix,Uva Amarilla,12,2016
2016-03-29,S12,7,SFB,Amsterdam,0.369,Uva,Uva Roja,13,2016
2016-03-29,S12,7,SFB,Ftm9733,0.153,Uva,Uva Roja,13,2016
2016-03-30,S12,8,SFB,Tymoty,0.4536,Cherry,Cherry Rojo,13,2016
2016-03-31,S12,9,SFB,Honey Bunch,0.054,Mix,Uva Amarilla,13,2016
2016-03-31,S12,9,SFB,Pera Amarilla 2,0.0864,Mix,Pera,13,2016
2016-03-31,S12,9,SFB,Pera Roja,0.054,Mix,Pera,13,2016
2016-04-01,V02,8,VAP,Perla,0.097,Mix,Cherry Amarillo,13,2016
2016-04-01,V02,8,VAP,Tymoty,0.6984,Cherry,Cherry Rojo,13,2016
2016-04-01,V02,9,VAP,Habanero Rojo,0.3264,Mix,Heirloom Cherry,13,2016
2016-04-01,V02,9,VAP,Habanero Tangerina,0.1728,Mix,Heirloom Cherry,13,2016
2016-04-01,V02,9,VAP,Honey Bunch,0.1728,Mix,Uva Amarilla,13,2016
2016-04-01,V02,9,VAP,Pera Roja,0.3648,Mix,Pera,13,2016
2016-04-01,V02,9,VAP,Perla,0.0384,Mix,Cherry Amarillo,13,2016
2016-04-01,V02,9,VAP,Pink,0.0768,Mix,Heirloom Cherry,13,2016
2016-04-01,V02,9,VAP,Tangerina Grape,0.1152,Mix,Heirloom Cherry,13,2016
2016-04-01,V02,16,VAP,Amsterdam,0.384,Uva,Uva Roja,13,2016
2016-04-01,V02,20,VAP,Amaí,0.58,Uva,Uva Roja,13,2016
2016-04-01,V02,20,VAP,Amsterdam,0.32,Uva,Uva Roja,13,2016
2016-04-01,V02,24,VAP,Amaí,0.286,Uva,Uva Roja,13,2016
2016-04-02,S10,1,SAB,Amaí,0.624,Uva,Uva Roja,13,2016
2016-04-02,S10,2,SAB,Amaí,0.224,Uva,Uva Roja,13,2016
2016-04-02,V02,10,VAP,Amaí,1.1304,Uva,Uva Roja,13,2016
2016-04-02,V02,29,VAP,Tymoty,0.6318,Cherry,Cherry Rojo,13,2016
2016-04-02,V02,48,VAP,Amaí,0.0384,Uva,Uva Roja,13,2016
2016-04-02,V02,48,VAP,Baby Black Plum,0.0576,Mix,Heirloom Cherry,13,2016
2016-04-02,V02,48,VAP,Black Pear,0.0384,Mix,Heirloom Cherry,13,2016
2016-04-02,V02,48,VAP,Ftm9733,0.1152,Uva,Uva Roja,13,2016
2016-04-02,V02,48,VAP,Pera Amarilla 2,0.2688,Mix,Pera,13,2016
2016-04-02,V02,48,VAP,Pera Amarilla 3,0.096,Mix,Pera,13,2016
2016-04-02,V02,48,VAP,White,0.0384,Mix,Heirloom Cherry,13,2016
2016-04-03,S01,4,SAB,Black Pear,0.032,Mix,Heirloom Cherry,13,2016
2016-04-03,S01,4,SAB,Habanero Tangerina,0.08,Mix,Heirloom Cherry,13,2016
2016-04-04,S03,2,SAB,Amaí,0.048,Uva,Uva Roja,14,2016
2016-04-04,S03,2,SAB,Habanero Rojo,0.144,Mix,Heirloom Cherry,14,2016
2016-04-04,S03,2,SAB,Honey Bunch,0.128,Mix,Uva Amarilla,14,2016
2016-04-04,S03,2,SAB,Pera Amarilla 2,0.08,Mix,Pera,14,2016
2016-04-04,S03,2,SAB,Pera Amarilla 3,0.08,Mix,Pera,14,2016
2016-04-04,S03,2,SAB,Pera Roja,0.16,Mix,Pera,14,2016
2016-04-04,S03,2,SAB,Perla,0.048,Mix,Cherry Amarillo,14,2016
2016-04-04,S03,2,SAB,Tangerina Grape,0.112,Mix,Heirloom Cherry,14,2016
2016-04-04,S03,6,SAB,Ftm9733,0.08,Uva,Uva Roja,14,2016
2016-04-04,S03,6,SAB,Shiren,0.064,Cherry,Cherry Rojo,14,2016
2016-04-04,S03,6,SAB,Tymoty,0.24,Cherry,Cherry Rojo,14,2016
2016-04-04,S03,7,SAB,Tymoty,0.432,Cherry,Cherry Rojo,14,2016
2016-04-06,S10,3,SAB,Habanero Tangerina,0.16,Mix,Heirloom Cherry,14,2016
2016-04-12,N02,27,OSF,Tymoty,0.2423,Cherry,Cherry Rojo,15,2016
2016-04-12,N02,30,OSF,Amaí,0.3024,Uva,Uva Roja,15,2016
2016-04-12,N02,30,OSF,Amsterdam,0.2565,Uva,Uva Roja,15,2016
2016-04-12,N02,30,OSF,Shiren,0.0926,Cherry,Cherry Rojo,15,2016
2016-04-13,N02,27,OSF,Honey Bunch,0.0599,Mix,Uva Amarilla,15,2016
2016-04-13,N02,27,OSF,Pera Amarilla 2,0.1283,Mix,Pera,15,2016
2016-04-13,N02,27,OSF,Pera Amarilla 3,0.1425,Mix,Pera,15,2016
2016-04-13,N02,27,OSF,Pera Roja,0.114,Mix,Pera,15,2016
2016-04-13,N02,27,OSF,Perla,0.0285,Mix,Cherry Amarillo,15,2016
2016-04-13,S01,4,SAB,Amaí,0.048,Uva,Uva Roja,15,2016
2016-04-13,S01,4,SAB,Baby Black Plum,0.032,Mix,Heirloom Cherry,15,2016
2016-04-13,S01,4,SAB,Habanero Rojo,0.08,Mix,Heirloom Cherry,15,2016
2016-04-13,S01,4,SAB,Habanero Rojo,0.16,Mix,Heirloom Cherry,15,2016
2016-04-13,S01,4,SAB,Honey Bunch,0.16,Mix,Uva Amarilla,15,2016
2016-04-13,S01,4,SAB,Pera Amarilla 2,0.16,Mix,Pera,15,2016
2016-04-13,S01,4,SAB,Pera Amarilla 3,0.08,Mix,Pera,15,2016
2016-04-13,S01,6,SAB,Tymoty,0.544,Cherry,Cherry Rojo,15,2016
2016-04-13,S01,7,SAB,Amaí,0.272,Uva,Uva Roja,15,2016
2016-04-13,S03,2,SAB,Baby Black Plum,0.016,Mix,Heirloom Cherry,15,2016
2016-04-16,S01,1,SAB,Amaí,0.112,Uva,Uva Roja,15,2016
2016-04-16,S01,1,SAB,Habanero Rojo,0.064,Mix,Heirloom Cherry,15,2016
2016-04-16,S01,1,SAB,Habanero Tangerina,0.08,Mix,Heirloom Cherry,15,2016
2016-04-16,S01,1,SAB,Honey Bunch,0.064,Mix,Uva Amarilla,15,2016
2016-04-16,S01,1,SAB,Limoncito,0.112,Mix,Cherry Amarillo,15,2016
2016-04-16,S01,1,SAB,Pera Roja,0.112,Mix,Pera,15,2016
2016-04-16,S01,1,SAB,Perla,0.112,Mix,Cherry Amarillo,15,2016
2016-04-16,S01,1,SAB,Tangerina Grape,0.032,Mix,Heirloom Cherry,15,2016
2016-04-16,S01,1,SAB,Top 2200,0.144,Mix,Cherry Naranja,15,2016
2016-04-16,S01,1,SAB,Top 2208,0.096,Mix,Cherry Naranja,15,2016
2016-04-16,S01,1,SAB,Top 2323,0.16,Mix,Cherry Rosa,15,2016
2016-04-19,N07,57,OAP,Ftm9733,0.7695,Uva,Uva Roja,16,2016
2016-04-19,N07,66,OAP,Amaí,0.2565,Uva,Uva Roja,16,2016
2016-04-19,N07,66,OAP,Ftm9733,0.4617,Uva,Uva Roja,16,2016
2016-04-20,N07,67,OAP,Honey Bunch,0.1197,Mix,Uva Amarilla,16,2016
2016-04-20,N07,67,OAP,Pera Amarilla 2,0.1881,Mix,Pera,16,2016
2016-04-20,N07,67,OAP,Pera Amarilla 3,0.1539,Mix,Pera,16,2016
2016-04-20,N07,67,OAP,Pera Roja,0.2565,Mix,Pera,16,2016
2016-04-22,N06,43,OAP,Amaí,0.1782,Uva,Uva Roja,16,2016
2016-04-22,N06,43,OAP,Baby Black Plum,0.0162,Mix,Heirloom Cherry,16,2016
2016-04-22,N06,43,OAP,Black Pear,0.0162,Mix,Heirloom Cherry,16,2016
2016-04-22,N06,43,OAP,Habanero Rojo,0.0648,Mix,Heirloom Cherry,16,2016
2016-04-22,N06,43,OAP,Habanero Tangerina,0.0324,Mix,Heirloom Cherry,16,2016
2016-04-22,N06,43,OAP,Habanero Tangerina,0.0405,Mix,Heirloom Cherry,16,2016
2016-04-22,N06,43,OAP,Perla,0.0324,Mix,Cherry Amarillo,16,2016
2016-04-22,N06,43,OAP,Pink,0.0324,Mix,Heirloom Cherry,16,2016
2016-04-22,N06,43,OAP,Shiren,0.1458,Cherry,Cherry Rojo,16,2016
2016-04-22,N06,43,OAP,Tymoty,0.081,Cherry,Cherry Rojo,16,2016
2016-04-22,N06,43,OAP,White,0.0162,Mix,Heirloom Cherry,16,2016
2016-04-29,S12,9,SFB,Ftm9733,0.2916,Uva,Uva Roja,17,2016
2016-04-29,S12,9,SFB,Pera Amarilla 2,0.0432,Mix,Pera,17,2016
2016-04-29,S12,10,SFB,Ftm9733,0.342,Uva,Uva Roja,17,2016
2016-05-03,S08,1,SFB,Black Pear,0.0189,Mix,Heirloom Cherry,18,2016
2016-05-03,S08,1,SFB,Habanero Rojo,0.0504,Mix,Heirloom Cherry,18,2016
2016-05-03,S08,1,SFB,Habanero Tangerina,0.0378,Mix,Heirloom Cherry,18,2016
2016-05-03,S08,1,SFB,Honey Bunch,0.0756,Mix,Uva Amarilla,18,2016
2016-05-03,S08,1,SFB,Pera Amarilla 2,0.0252,Mix,Pera,18,2016
2016-05-03,S08,1,SFB,Perla,0.0315,Mix,Cherry Amarillo,18,2016
2016-05-03,S08,1,SFB,Pink,0.0252,Mix,Heirloom Cherry,18,2016
2016-05-03,S08,2,SFB,Tymoty,0.0189,Cherry,Cherry Rojo,18,2016
2016-05-11,N05,42,SAB,Mistral,0.702,Uva,Uva Roja,19,2016
2016-05-11,N05,43,SAB,Baby Black Plum,0.036,Mix,Heirloom Cherry,19,2016
2016-05-11,N05,43,SAB,Habanero Rojo,0.054,Mix,Heirloom Cherry,19,2016
2016-05-11,N05,43,SAB,Honey Bunch,0.126,Mix,Uva Amarilla,19,2016
2016-05-11,N05,43,SAB,Pera Amarilla 2,0.378,Mix,Pera,19,2016
2016-05-11,N05,43,SAB,Tangerina Grape,0.054,Mix,Heirloom Cherry,19,2016
2016-05-11,N05,49,SAB,Amaí,0.594,Uva,Uva Roja,19,2016
2016-05-11,N05,49,SAB,Mistral,0.072,Uva,Uva Roja,19,2016
2016-05-11,N05,49,SAB,Tymoty,0.054,Cherry,Cherry Rojo,19,2016
2016-05-11,N05,52,SAB,Felicity,0.342,Cherry,Cherry Rojo,19,2016
2016-05-11,N05,52,SAB,Tymoty,0.306,Cherry,Cherry Rojo,19,2016
2016-05-12,N06,39,OAP,Amaí,0.2394,Uva,Uva Roja,19,2016
2016-05-12,N06,39,OAP,Felicity,0.2565,Cherry,Cherry Rojo,19,2016
2016-05-12,N06,39,OAP,Shiren,0.0684,Cherry,Cherry Rojo,19,2016
2016-05-12,N06,39,OAP,Tymoty,0.2394,Cherry,Cherry Rojo,19,2016
2016-05-12,N06,42,OAP,Habanero Rojo,0.171,Mix,Heirloom Cherry,19,2016
2016-05-12,N06,42,OAP,Habanero Tangerina,0.1368,Mix,Heirloom Cherry,19,2016
2016-05-12,N06,42,OAP,Honey Bunch,0.0855,Mix,Uva Amarilla,19,2016
2016-05-12,N06,42,OAP,Pera Amarilla 2,0.0684,Mix,Pera,19,2016
2016-05-12,N06,42,OAP,Pera Amarilla 3,0.0684,Mix,Pera,19,2016
2016-05-12,N06,42,OAP,Pera Roja,0.0855,Mix,Pera,19,2016
2016-05-12,N06,42,OAP,Pera Roja-D,0.0342,Mix,Pera,19,2016
2016-05-12,N06,42,OAP,Perla,0.0171,Mix,Cherry Amarillo,19,2016
2016-05-12,N06,42,OAP,Pink,0.0171,Mix,Heirloom Cherry,19,2016
2016-05-12,N06,42,OAP,Tangerina Grape,0.0513,Mix,Heirloom Cherry,19,2016
2016-05-12,N06,42,OAP,White,0.0342,Mix,Heirloom Cherry,19,2016
2016-05-16,N02,21,OAP,Amsterdam,0.7524,Uva,Uva Roja,20,2016
2016-05-17,N02,25,OSF,Pera Amarilla 2,0.057,Mix,Pera,20,2016
2016-05-17,N02,25,OSF,Pera Roja,0.114,Mix,Pera,20,2016
2016-05-17,N02,25,OSF,Shiren,0.228,Cherry,Cherry Rojo,20,2016
2016-05-17,N02,25,OSF,Tymoty,0.1995,Cherry,Cherry Rojo,20,2016
2016-05-17,N02,26,OSF,Baby Black Plum,0.0428,Mix,Heirloom Cherry,20,2016
2016-05-17,N02,26,OSF,Habanero Rojo,0.0855,Mix,Heirloom Cherry,20,2016
2016-05-17,N02,26,OSF,Habanero Tangerina,0.0855,Mix,Heirloom Cherry,20,2016
2016-05-17,N02,26,OSF,Mistral,0.2779,Uva,Uva Roja,20,2016
2016-05-17,N02,26,OSF,Pera Amarilla 2,0.0998,Mix,Pera,20,2016
2016-05-17,N02,26,OSF,Pera Roja,0.0143,Mix,Pera,20,2016
2016-05-17,N02,29,OSF,Amaí,0.5273,Uva,Uva Roja,20,2016
2016-05-17,N02,29,OSF,Amsterdam,0.3705,Uva,Uva Roja,20,2016
2016-05-18,N05,48,SAB,Perla,0.126,Mix,Cherry Amarillo,20,2016
2016-05-28,N02,5,OAP,Felicity,0.2394,Cherry,Cherry Rojo,21,2016
2016-05-28,N02,5,OAP,Limoncito,0.1026,Mix,Cherry Amarillo,21,2016
2016-05-28,N02,5,OAP,Top 2200,0.0513,Mix,Cherry Naranja,21,2016
2016-05-28,N02,5,OAP,Top 2208,0.1026,Mix,Cherry Naranja,21,2016
2016-05-28,N02,5,OAP,Tymoty,0.0684,Cherry,Cherry Rojo,21,2016
2016-05-28,N02,5,OAP,Tymoty,0.4104,Cherry,Cherry Rojo,21,2016
2016-05-28,N02,12,OAP,Amaí,0.3249,Uva,Uva Roja,21,2016
2016-05-28,N02,12,OAP,Amsterdam,0.4788,Uva,Uva Roja,21,2016
2016-05-28,N02,12,OAP,Mistral,0.2223,Uva,Uva Roja,21,2016
2016-05-28,N02,12,OAP,Top 2323,0.0855,Mix,Cherry Rosa,21,2016
2016-05-28,N02,20,OAP,Honey Bunch,0.1197,Mix,Uva Amarilla,21,2016
2016-05-28,N02,20,OAP,Mistral,0.0855,Uva,Uva Roja,21,2016
2016-05-28,N02,20,OAP,Pera Amarilla 2,0.1026,Mix,Pera,21,2016
2016-05-28,N02,20,OAP,Pera Amarilla 3,0.1026,Mix,Pera,21,2016
2016-05-28,N02,20,OAP,Pera Roja,0.1026,Mix,Pera,21,2016
2016-05-28,N02,20,OAP,Perla,0.0513,Mix,Cherry Amarillo,21,2016
2016-05-30,S21,2,SFB,Tymoty,0.108,Cherry,Cherry Rojo,22,2016
2016-06-03,N02,13,OAP,Amsterdam,0.4446,Uva,Uva Roja,22,2016
2016-06-03,N02,13,OAP,Mistral,0.3078,Uva,Uva Roja,22,2016
2016-06-04,N02,22,OAP,Amaí,0.1881,Uva,Uva Roja,22,2016
2016-06-04,N02,22,OAP,Honey Bunch,0.0513,Mix,Uva Amarilla,22,2016
2016-06-04,N02,22,OAP,Mistral,0.4275,Uva,Uva Roja,22,2016
2016-06-04,N02,22,OAP,Pera Amarilla 3,0.0513,Mix,Pera,22,2016
2016-06-04,N02,23,OAP,Felicity,0.2223,Cherry,Cherry Rojo,22,2016
2016-06-04,N02,23,OAP,Pera Amarilla 3,0.0684,Mix,Pera,22,2016
2016-06-04,N02,23,OAP,Pera Roja,0.1368,Mix,Pera,22,2016
2016-06-04,N02,23,OAP,Tymoty,0.2052,Cherry,Cherry Rojo,22,2016
2016-06-07,N02,28,OSF,Amaí,0.0998,Uva,Uva Roja,23,2016
2016-06-07,N02,28,OSF,Mistral,0.6555,Uva,Uva Roja,23,2016
2016-06-07,N02,33,OSF,Amaí,0.171,Uva,Uva Roja,23,2016
2016-06-07,N02,33,OSF,Amsterdam,0.171,Uva,Uva Roja,23,2016
2016-06-07,N02,33,OSF,Felicity,0.2138,Cherry,Cherry Rojo,23,2016
2016-06-07,N02,33,OSF,Pera Amarilla 2,0.1995,Mix,Pera,23,2016
2016-06-07,N02,33,OSF,Pera Roja,0.0713,Mix,Pera,23,2016
2016-06-09,N02,9,OAP,Amsterdam,0.0342,Uva,Uva Roja,23,2016
2016-06-09,N02,9,OAP,Honey Bunch,0.0855,Mix,Uva Amarilla,23,2016
2016-06-09,N02,9,OAP,Pera Amarilla 2,0.0171,Mix,Pera,23,2016
2016-06-09,N02,9,OAP,Pera Amarilla 3,0.0513,Mix,Pera,23,2016
2016-06-09,N02,9,OAP,Pera Roja,0.0855,Mix,Pera,23,2016
2016-06-09,N02,16,OAP,Amaí,0.171,Uva,Uva Roja,23,2016
2016-06-09,N02,16,OAP,Amsterdam,0.0342,Uva,Uva Roja,23,2016
2016-06-09,N02,16,OAP,Mistral,0.7353,Uva,Uva Roja,23,2016
2016-06-09,N02,17,OAP,Felicity,0.5472,Cherry,Cherry Rojo,23,2016
2016-06-09,N02,17,OAP,Tymoty,0.3933,Cherry,Cherry Rojo,23,2016
2016-06-10,N02,9,OAP,Felicity,0.2052,Cherry,Cherry Rojo,23,2016
2016-06-10,N02,9,OAP,Perla,0.0855,Mix,Cherry Amarillo,23,2016
2016-06-11,N02,8,OAP,Felicity,0.1197,Cherry,Cherry Rojo,23,2016
2016-06-11,N02,8,OAP,Mistral,0.513,Uva,Uva Roja,23,2016
2016-06-11,N02,8,OAP,Tymoty,0.3078,Cherry,Cherry Rojo,23,2016
2016-06-11,S07,8,SFB,Mistral,0.7992,Uva,Uva Roja,23,2016
2016-06-13,S07,9,SFB,Amsterdam,0.126,Uva,Uva Roja,24,2016
2016-06-13,S07,9,SFB,Habanero Tangerina,0.09,Mix,Heirloom Cherry,24,2016
2016-06-13,S07,9,SFB,Pera Amarilla 3,0.072,Mix,Pera,24,2016
2016-06-14,N02,34,OSF,Amsterdam,0.3705,Uva,Uva Roja,24,2016
2016-06-14,N02,34,OSF,Mistral,0.57,Uva,Uva Roja,24,2016
2016-06-14,N02,35,OSF,Amaí,0.1853,Uva,Uva Roja,24,2016
2016-06-14,N02,35,OSF,Felicity,0.285,Cherry,Cherry Rojo,24,2016
2016-06-14,N02,35,OSF,Honey Bunch,0.1568,Mix,Uva Amarilla,24,2016
2016-06-14,N05,48,SAB,Pera Amarilla 2,0.18,Mix,Pera,24,2016
2016-06-14,N05,48,SAB,Pera Roja,0.036,Mix,Pera,24,2016
2016-06-14,N05,52,SAB,Mistral,0.234,Uva,Uva Roja,24,2016
2016-06-14,N05,53,SAB,Felicity,0.396,Cherry,Cherry Rojo,24,2016
2016-06-14,N05,53,SAB,Tymoty,0.486,Cherry,Cherry Rojo,24,2016
2016-06-14,N05,59,SAB,Amaí,0.36,Uva,Uva Roja,24,2016
2016-06-14,N05,59,SAB,Mistral,0.486,Uva,Uva Roja,24,2016
2016-06-15,S07,7,SFB,Tymoty,0.3672,Cherry,Cherry Rojo,24,2016
2016-06-18,S07,10,SFB,Black Pear,0.072,Mix,Heirloom Cherry,24,2016
2016-06-18,S07,10,SFB,Felicity,0.756,Cherry,Cherry Rojo,24,2016
2016-06-18,S07,10,SFB,Honey Bunch,0.054,Mix,Uva Amarilla,24,2016
2016-06-18,S07,10,SFB,Pera Roja,0.072,Mix,Pera,24,2016
2016-06-21,N02,15,OAP,Tymoty,0.6498,Cherry,Cherry Rojo,25,2016
2016-06-22,N02,10,OAP,Amsterdam,0.1881,Uva,Uva Roja,25,2016
2016-06-22,N02,10,OAP,Mistral,0.3078,Uva,Uva Roja,25,2016
2016-06-22,N02,10,OAP,Tymoty,0.0513,Cherry,Cherry Rojo,25,2016
2016-06-24,N02,35,OSF,Amsterdam,0.228,Uva,Uva Roja,25,2016
2016-06-24,N02,35,OSF,Tymoty,0.1853,Cherry,Cherry Rojo,25,2016
2016-06-27,N02,6,OAP,Tymoty,0.6669,Cherry,Cherry Rojo,26,2016
2016-06-27,N02,14,OAP,Mistral,0.0684,Uva,Uva Roja,26,2016
2016-06-27,N02,19,OAP,Pera Roja,0.3249,Mix,Pera,26,2016
2016-07-29,N05,68,SAB,Amaí,1.08,Uva,Uva Roja,30,2016
2016-07-29,N05,72,SAB,Baby Black Plum,0.072,Mix,Heirloom Cherry,30,2016
2016-07-29,N05,72,SAB,Habanero Rojo,0.108,Mix,Heirloom Cherry,30,2016
2016-07-29,N05,72,SAB,Habanero Tangerina,0.198,Mix,Heirloom Cherry,30,2016
2016-07-29,N05,72,SAB,Tangerina Grape,0.09,Mix,Heirloom Cherry,30,2016
2017-02-08,Z18,3,ZJL,Amsterdam,0.81,Uva,Uva Roja,6,2017
2017-02-09,Z17,3,ZJL,Amaí,0.18,Uva,Uva Roja,6,2017
2017-02-09,Z17,3,ZJL,Mistral,0.315,Uva,Uva Roja,6,2017
2017-02-10,Z17,3,ZJL,Amsterdam,0.0225,Uva,Uva Roja,6,2017
2017-02-10,Z17,3,ZJL,Habanero Rojo,0.0225,Mix,Heirloom Cherry,6,2017
2017-02-10,Z17,3,ZJL,Habanero Tangerina,0.0113,Mix,Heirloom Cherry,6,2017
2017-02-10,Z17,3,ZJL,Santawest,0.1238,Uva,Uva Roja,6,2017
2017-02-10,Z17,7,ZJL,Felicity,0.405,Cherry,Cherry Rojo,6,2017
2017-02-22,Z17,2,ZJL,Habanero Tangerina,0.27,Mix,Heirloom Cherry,8,2017
2017-02-22,Z17,2,ZJL,Tangerina Grape,0.1238,Mix,Heirloom Cherry,8,2017
2017-02-22,Z17,2,ZJL,Yellow Suzan,0.09,Mix,Uva Amarilla,8,2017
2017-03-14,V02,47,VAP,Felicity,0.8892,Cherry,Cherry Rojo,11,2017
2017-03-14,V02,48,VAP,Amaí,0.6336,Uva,Uva Roja,11,2017
2017-03-14,V02,48,VAP,Felicity,0.096,Cherry,Cherry Rojo,11,2017
2017-03-14,V02,49,VAP,Amaí,0.1176,Uva,Uva Roja,11,2017
2017-03-14,V02,49,VAP,Mistral,0.6664,Uva,Uva Roja,11,2017
2017-03-14,V02,50,VAP,Amsterdam,0.378,Uva,Uva Roja,11,2017
2017-03-14,V02,50,VAP,Mistral,0.45,Uva,Uva Roja,11,2017
2017-03-18,V02,51,VAP,Amsterdam,0.4752,Uva,Uva Roja,11,2017
2017-03-18,V02,52,VAP,Amsterdam,0.0288,Uva,Uva Roja,11,2017
2017-03-18,V02,52,VAP,Felicity,0.2016,Cherry,Cherry Rojo,11,2017
2017-03-18,V02,52,VAP,Shiren,0.2592,Cherry,Cherry Rojo,11,2017
2017-03-18,V02,53,VAP,Baby Black Plum,0.1116,Mix,Heirloom Cherry,11,2017
2017-03-18,V02,53,VAP,Pera Roja-2,0.093,Mix,Pera,11,2017
2017-03-18,V02,53,VAP,Perla,0.2604,Mix,Cherry Amarillo,11,2017
2017-03-18,V02,53,VAP,Tangerina Grape,0.1116,Mix,Heirloom Cherry,11,2017
2017-03-18,V02,53,VAP,White,0.0744,Mix,Heirloom Cherry,11,2017
2017-03-18,V02,54,VAP,Honey Bunch,0.279,Mix,Uva Amarilla,11,2017
2017-03-18,V02,54,VAP,Pera Amarilla 2,0.0744,Mix,Pera,11,2017
2017-03-18,V02,54,VAP,Pera Amarilla 4,0.2046,Mix,Pera,11,2017
2017-03-18,V02,54,VAP,Pera Roja,0.2418,Mix,Pera,11,2017
2017-03-18,V02,54,VAP,Pera Roja-2,0.0744,Mix,Pera,11,2017
2017-03-18,V02,55,VAP,Habanero Rojo,0.136,Mix,Heirloom Cherry,11,2017
2017-03-18,V02,55,VAP,Habanero Tangerina,0.1088,Mix,Heirloom Cherry,11,2017
2017-03-18,V02,55,VAP,Habanero Tangerina,0.1224,Mix,Heirloom Cherry,11,2017
2017-03-18,V02,55,VAP,Honey Bunch,0.136,Mix,Uva Amarilla,11,2017
2017-03-21,V02,46,VAP,Pink,0.128,Mix,Heirloom Cherry,12,2017
2017-03-21,V02,46,VAP,Yellow Suzan,0.256,Mix,Uva Amarilla,12,2017
2017-03-24,S07,6,SFB,Habanero Rojo,0.243,Mix,Heirloom Cherry,12,2017
2017-03-24,S07,6,SFB,Habanero Tangerina,0.1944,Mix,Heirloom Cherry,12,2017
2017-03-24,S07,6,SFB,Pera Amarilla 2,0.3078,Mix,Pera,12,2017
2017-03-24,S07,6,SFB,Pera Roja,0.1458,Mix,Pera,12,2017
2017-03-24,S07,6,SFB,Santawest,0.2106,Uva,Uva Roja,12,2017
2017-03-24,S07,6,SFB,Yellow Suzan,0.2268,Mix,Uva Amarilla,12,2017
2017-03-24,S07,7,SFB,Felicity,0.2106,Cherry,Cherry Rojo,12,2017
2017-03-24,S07,7,SFB,Shiren,0.324,Cherry,Cherry Rojo,12,2017
2017-03-24,S07,8,SFB,Amsterdam,0.5796,Uva,Uva Roja,12,2017
2017-03-24,S07,8,SFB,Mistral,0.4536,Uva,Uva Roja,12,2017
2017-03-24,S07,9,SFB,Pera Roja,0.162,Mix,Pera,12,2017
2017-03-24,S07,9,SFB,Pink,0.0972,Mix,Heirloom Cherry,12,2017
2017-03-24,S07,9,SFB,Shiren,0.0486,Cherry,Cherry Rojo,12,2017
2017-03-24,S07,10,SFB,Amaí,0.3564,Uva,Uva Roja,12,2017
2017-03-24,S07,10,SFB,Mistral,0.0648,Uva,Uva Roja,12,2017
2017-03-27,V01,43,VAP,Felicity,0.621,Cherry,Cherry Rojo,13,2017
2017-03-27,V01,43,VAP,Habanero Rojo,0.115,Mix,Heirloom Cherry,13,2017
2017-03-27,V01,43,VAP,Habanero Tangerina,0.138,Mix,Heirloom Cherry,13,2017
2017-03-27,V01,43,VAP,Pera Amarilla 2,0.23,Mix,Pera,13,2017
2017-03-27,V01,43,VAP,Pera Roja,0.23,Mix,Pera,13,2017
2017-03-27,V01,43,VAP,Perla,0.069,Mix,Cherry Amarillo,13,2017
2017-03-27,V01,43,VAP,Tangerina Grape,0.092,Mix,Heirloom Cherry,13,2017
2017-03-27,V01,44,VAP,Amsterdam,0.224,Uva,Uva Roja,13,2017
2017-03-27,V01,44,VAP,Pera Roja,0.1232,Mix,Pera,13,2017
2017-03-27,V01,44,VAP,Shiren,0.2688,Cherry,Cherry Rojo,13,2017
2017-03-28,V01,41,VAP,Amaí,1.221,Uva,Uva Roja,13,2017
2017-03-28,V01,42,VAP,Amaí,0.93,Uva,Uva Roja,13,2017
2017-03-28,V01,42,VAP,Amsterdam,0.31,Uva,Uva Roja,13,2017
2017-03-28,V01,42,VAP,Pera Amarilla 3,0.31,Mix,Pera,13,2017
2017-03-28,V01,42,VAP,Yellow Suzan,0.124,Mix,Uva Amarilla,13,2017
2017-03-28,V02,46,VAP,Yellow Suzan,0.3224,Mix,Uva Amarilla,13,2017
2017-04-01,S03,5,SAB,Felicity,0.496,Cherry,Cherry Rojo,13,2017
2017-04-01,S03,5,SAB,Santawest,0.064,Uva,Uva Roja,13,2017
2017-04-01,S03,7,SAB,Mistral,0.4,Uva,Uva Roja,13,2017
2017-04-01,S03,8,SAB,Mistral,0.64,Uva,Uva Roja,13,2017
2017-04-01,S03,8,SAB,Santawest,0.416,Uva,Uva Roja,13,2017
2017-04-01,S10,1,SAB,Mistral,0.576,Uva,Uva Roja,13,2017
2017-04-01,S10,2,SAB,Mistral,0.1,Uva,Uva Roja,13,2017
2017-04-03,N07,52,OSF,Amsterdam,0.4788,Uva,Uva Roja,14,2017
2017-04-03,N07,52,OSF,Felicity,0.4446,Cherry,Cherry Rojo,14,2017
2017-04-03,N07,52,OSF,Shiren,0.4446,Cherry,Cherry Rojo,14,2017
2017-04-04,N07,61,OSF,Amaí,0.1368,Uva,Uva Roja,14,2017
2017-04-04,N07,61,OSF,Mistral,0.0684,Uva,Uva Roja,14,2017
2017-04-04,N07,61,OSF,Pera Amarilla 2,0.1026,Mix,Pera,14,2017
2017-04-04,N07,61,OSF,Santawest,0.2565,Uva,Uva Roja,14,2017
2017-04-04,N07,61,OSF,Yellow Suzan,0.3249,Mix,Uva Amarilla,14,2017
2017-04-04,V02,18,VAP,Top 2200,0.1344,Mix,Cherry Naranja,14,2017
2017-04-04,V02,18,VAP,Top 2208,0.084,Mix,Cherry Naranja,14,2017
2017-04-04,V02,18,VAP,Top 2323,0.1344,Mix,Cherry Rosa,14,2017
2017-04-04,V02,18,VAP,Top 2405,0.1176,Mix,Cherry Amarillo,14,2017
2017-04-07,V02,18,VAP,Top 2405,0.0504,Mix,Cherry Amarillo,14,2017
2017-04-07,V02,22,VAP,Felicity,0.3192,Cherry,Cherry Rojo,14,2017
2017-04-07,V02,22,VAP,Top 2200,0.0504,Mix,Cherry Naranja,14,2017
2017-04-07,V02,22,VAP,Top 2208,0.0504,Mix,Cherry Naranja,14,2017
2017-04-07,V02,22,VAP,Top 2323,0.0504,Mix,Cherry Rosa,14,2017
2017-04-07,V02,22,VAP,Top 2405,0.0168,Mix,Cherry Amarillo,14,2017
2017-04-09,S01,2,SAB,Baby Black Plum,0.16,Mix,Heirloom Cherry,14,2017
2017-04-09,S01,2,SAB,Habanero Rojo,0.288,Mix,Heirloom Cherry,14,2017
2017-04-09,S01,2,SAB,Pera Amarilla 4,0.304,Mix,Pera,14,2017
2017-04-09,S01,2,SAB,Pera Roja,0.08,Mix,Pera,14,2017
2017-04-10,S01,3,SAB,Baby Black Plum,0.16,Mix,Heirloom Cherry,15,2017
2017-04-10,S01,3,SAB,Habanero Rojo,0.288,Mix,Heirloom Cherry,15,2017
2017-04-10,S01,3,SAB,Pera Roja,0.08,Mix,Pera,15,2017
2017-04-10,S01,5,SAB,Pera Roja,0.08,Mix,Pera,15,2017
2017-04-10,S01,8,SAB,Pink,0.272,Mix,Heirloom Cherry,15,2017
2017-04-10,S01,8,SAB,White,0.128,Mix,Heirloom Cherry,15,2017
2017-04-10,S01,8,SAB,Yellow Suzan,0.16,Mix,Uva Amarilla,15,2017
2017-04-12,N02,12,OAP,Amsterdam,0.162,Uva,Uva Roja,15,2017
2017-04-12,N02,12,OAP,Felicity,0.243,Cherry,Cherry Rojo,15,2017
2017-04-17,N02,2,OAP,Felicity,0.1425,Cherry,Cherry Rojo,16,2017
2017-04-17,N02,2,OAP,Pera Amarilla 2,0.0855,Mix,Pera,16,2017
2017-04-17,N02,2,OAP,Pera Roja,0.1425,Mix,Pera,16,2017
2017-04-17,N02,2,OAP,Yellow Suzan,0.0998,Mix,Uva Amarilla,16,2017
2017-04-18,S01,6,SAB,Amsterdam,0.24,Uva,Uva Roja,16,2017
2017-04-18,S01,6,SAB,Mistral,0.288,Uva,Uva Roja,16,2017
2017-04-22,S01,1,SAB,Amaí,0.352,Uva,Uva Roja,16,2017
2017-04-22,S01,1,SAB,Amsterdam,0.112,Uva,Uva Roja,16,2017
2017-04-22,S01,1,SAB,Santawest,0.224,Uva,Uva Roja,16,2017
2017-04-22,S01,3,SAB,Habanero Rojo,0.208,Mix,Heirloom Cherry,16,2017
2017-04-22,S01,3,SAB,Habanero Tangerina,0.48,Mix,Heirloom Cherry,16,2017
2017-04-22,S01,3,SAB,Perla,0.096,Mix,Cherry Amarillo,16,2017
2017-04-22,S01,3,SAB,Tangerina Grape,0.256,Mix,Heirloom Cherry,16,2017
2017-04-24,N06,39,OAP,Felicity,0.8037,Cherry,Cherry Rojo,17,2017
2017-04-24,N06,39,OAP,Mistral,0.0171,Uva,Uva Roja,17,2017
2017-04-24,N06,46,OAP,Amaí,0.1368,Uva,Uva Roja,17,2017
2017-04-24,N06,46,OAP,Amsterdam,0.3591,Uva,Uva Roja,17,2017
2017-04-24,N06,46,OAP,Mistral,0.3249,Uva,Uva Roja,17,2017
2017-04-24,N07,53,OAP,Amaí,0.5472,Uva,Uva Roja,17,2017
2017-04-24,N07,53,OAP,Felicity,0.171,Cherry,Cherry Rojo,17,2017
2017-04-24,N07,53,OAP,Santawest,0.1197,Uva,Uva Roja,17,2017
2017-04-24,N07,60,OAP,Felicity,0.171,Cherry,Cherry Rojo,17,2017
2017-04-26,N02,2,OAP,Perla,0.0713,Mix,Cherry Amarillo,17,2017
2017-04-26,N02,2,OAP,Top 2200,0.0713,Mix,Cherry Naranja,17,2017
2017-04-26,N02,2,OAP,Top 2208,0.0998,Mix,Cherry Naranja,17,2017
2017-04-26,N02,2,OAP,Top 2323,0.0428,Mix,Cherry Rosa,17,2017
2017-04-26,N02,2,OAP,Top 2405,0.114,Mix,Cherry Amarillo,17,2017
2017-04-26,N07,60,OAP,Pera Amarilla 3,0.171,Mix,Pera,17,2017
2017-04-26,N07,60,OAP,Pera Roja,0.1368,Mix,Pera,17,2017
2017-04-26,N07,60,OAP,Pera Roja-2,0.1026,Mix,Pera,17,2017
2017-04-26,N07,60,OAP,Pink,0.0684,Mix,Heirloom Cherry,17,2017
2017-04-26,N07,60,OAP,Top 2323,0.0342,Mix,Cherry Rosa,17,2017
2017-04-26,N07,60,OAP,Yellow Suzan,0.1368,Mix,Uva Amarilla,17,2017
2017-05-02,N07,51,OSF,Amsterdam,0.342,Uva,Uva Roja,18,2017
2017-05-02,N07,51,OSF,Felicity,0.1881,Cherry,Cherry Rojo,18,2017
2017-05-02,N07,51,OSF,Shiren,0.171,Cherry,Cherry Rojo,18,2017
2017-05-02,N07,62,OSF,Amaí,0.0855,Uva,Uva Roja,18,2017
2017-05-02,N07,62,OSF,Habanero Rojo,0.1539,Mix,Heirloom Cherry,18,2017
2017-05-02,N07,62,OSF,Habanero Tangerina,0.0855,Mix,Heirloom Cherry,18,2017
2017-05-02,N07,62,OSF,Mistral,0.2223,Uva,Uva Roja,18,2017
2017-05-02,N07,62,OSF,Pera Amarilla 2,0.171,Mix,Pera,18,2017
2017-05-02,N07,62,OSF,Pera Roja,0.1026,Mix,Pera,18,2017
2017-05-02,S08,3,SFB,Amsterdam,0.243,Uva,Uva Roja,18,2017
2017-05-02,S12,6,SFB,Felicity,0.6642,Cherry,Cherry Rojo,18,2017
2017-05-02,S12,6,SFB,Pera Amarilla 3,0.081,Mix,Pera,18,2017
2017-05-02,S12,7,SFB,Habanero Rojo,0.243,Mix,Heirloom Cherry,18,2017
2017-05-02,S12,7,SFB,Habanero Tangerina,0.1944,Mix,Heirloom Cherry,18,2017
2017-05-02,S12,7,SFB,Pink,0.2268,Mix,Heirloom Cherry,18,2017
2017-05-02,S12,7,SFB,Yellow Suzan,0.1458,Mix,Uva Amarilla,18,2017
2017-05-02,S12,8,SFB,Baby Black Plum,0.0162,Mix,Heirloom Cherry,18,2017
2017-05-02,S12,8,SFB,Mistral,0.1944,Uva,Uva Roja,18,2017
2017-05-02,S12,8,SFB,Pera Amarilla 3,0.1296,Mix,Pera,18,2017
2017-05-02,S12,9,SFB,Amsterdam,0.4374,Uva,Uva Roja,18,2017
2017-05-02,S12,9,SFB,Mistral,0.3726,Uva,Uva Roja,18,2017
2017-05-03,S01,5,SAB,Pera Amarilla 3,0.08,Mix,Pera,18,2017
2017-05-03,S01,5,SAB,Perla,0.08,Mix,Cherry Amarillo,18,2017
2017-05-03,S01,5,SAB,Pink,0.112,Mix,Heirloom Cherry,18,2017
2017-05-03,S01,5,SAB,Tangerina Grape,0.016,Mix,Heirloom Cherry,18,2017
2017-05-03,S01,5,SAB,Yellow Suzan,0.096,Mix,Uva Amarilla,18,2017
2017-05-08,V02,26,VAP,Top-2204,0.756,Cherry,Cherry Rojo,19,2017
2017-05-09,N06,40,OAP,Amaí,0.4536,Uva,Uva Roja,19,2017
2017-05-09,N06,40,OAP,Amsterdam,0.1458,Uva,Uva Roja,19,2017
2017-05-09,N06,40,OAP,Santawest,0.1296,Uva,Uva Roja,19,2017
2017-05-09,N06,41,OAP,Perla,0.1296,Mix,Cherry Amarillo,19,2017
2017-05-09,N06,41,OAP,Top-2204,0.0972,Cherry,Cherry Rojo,19,2017
2017-05-09,N06,45,OAP,Amsterdam,0.405,Uva,Uva Roja,19,2017
2017-05-09,N06,45,OAP,Mistral,0.3564,Uva,Uva Roja,19,2017
2017-05-09,N06,45,OAP,Yellow Suzan,0.0162,Mix,Uva Amarilla,19,2017
2017-05-09,N07,54,OAP,Habanero Rojo,0.1539,Mix,Heirloom Cherry,19,2017
2017-05-09,N07,54,OAP,Pera Amarilla 2,0.2052,Mix,Pera,19,2017
2017-05-09,N07,54,OAP,Pera Roja,0.1026,Mix,Pera,19,2017
2017-05-09,N07,54,OAP,Pera Roja-2,0.1368,Mix,Pera,19,2017
2017-05-09,N07,59,OAP,Pink,0.1197,Mix,Heirloom Cherry,19,2017
2017-05-09,N07,59,OAP,Yellow Suzan,0.2052,Mix,Uva Amarilla,19,2017
2017-05-15,N02,31,OSF,Habanero Tangerina,0.0513,Mix,Heirloom Cherry,20,2017
2017-05-15,N02,31,OSF,Pink,0.1197,Mix,Heirloom Cherry,20,2017
2017-05-22,N07,50,OSF,Amaí,0.1368,Uva,Uva Roja,21,2017
2017-05-22,N07,50,OSF,Felicity,0.1539,Cherry,Cherry Rojo,21,2017
2017-05-22,N07,50,OSF,Pera Amarilla 2,0.171,Mix,Pera,21,2017
2017-05-22,N07,50,OSF,Pera Roja-2,0.1539,Mix,Pera,21,2017
2017-05-22,N07,50,OSF,Shiren,0.1026,Cherry,Cherry Rojo,21,2017
2017-05-22,N07,50,OSF,White,0.1197,Mix,Heirloom Cherry,21,2017
2017-05-22,N07,63,OSF,Amaí,0.4617,Uva,Uva Roja,21,2017
2017-05-22,N07,63,OSF,Amsterdam,0.4617,Uva,Uva Roja,21,2017
2017-05-23,N06,44,OAP,Amaí,0.4104,Uva,Uva Roja,21,2017
2017-05-23,N06,44,OAP,Amsterdam,0.2052,Uva,Uva Roja,21,2017
2017-05-23,N06,44,OAP,Mistral,0.2052,Uva,Uva Roja,21,2017
2017-05-23,N07,55,OAP,Amsterdam,0.6498,Uva,Uva Roja,21,2017
2017-05-23,N07,55,OAP,Perla,0.0855,Mix,Cherry Amarillo,21,2017
2017-05-23,N07,58,OAP,Felicity,0.2907,Cherry,Cherry Rojo,21,2017
2017-05-23,N07,58,OAP,Pera Amarilla 2,0.2052,Mix,Pera,21,2017
2017-05-23,N07,58,OAP,Perla,0.0342,Mix,Cherry Amarillo,21,2017
2017-05-23,N07,58,OAP,Shiren,0.1881,Cherry,Cherry Rojo,21,2017
2017-05-23,N07,58,OAP,Top 2405,0.1026,Mix,Cherry Amarillo,21,2017
2017-05-23,N07,59,OAP,Pera Amarilla 2,0.0342,Mix,Pera,21,2017
2017-05-23,N07,59,OAP,Pera Roja,0.1368,Mix,Pera,21,2017
2017-05-23,N07,59,OAP,Santawest,0.2052,Uva,Uva Roja,21,2017
2017-05-23,N07,59,OAP,Yellow Suzan,0.1197,Mix,Uva Amarilla,21,2017
2017-06-06,N06,36,OSF,Amsterdam,0.171,Uva,Uva Roja,23,2017
2017-06-06,N06,36,OSF,Felicity,0.342,Cherry,Cherry Rojo,23,2017
2017-06-06,N06,36,OSF,Habanero Tangerina,0.1026,Mix,Heirloom Cherry,23,2017
2017-06-06,N06,36,OSF,Tangerina Grape,0.1368,Mix,Heirloom Cherry,23,2017
2017-06-06,N06,36,OSF,Top-2204,0.171,Cherry,Cherry Rojo,23,2017
2017-06-06,N06,37,OSF,Amaí,0.3933,Uva,Uva Roja,23,2017
2017-06-06,N06,37,OSF,Amsterdam,0.4104,Uva,Uva Roja,23,2017
2017-06-06,N06,48,OSF,Amaí,0.5472,Uva,Uva Roja,23,2017
2017-06-06,N06,48,OSF,Pera Roja-2,0.3078,Mix,Pera,23,2017
2017-06-06,N06,49,OSF,Habanero Rojo,0.1368,Mix,Heirloom Cherry,23,2017
2017-06-06,N06,49,OSF,Habanero Tangerina,0.1026,Mix,Heirloom Cherry,23,2017
2017-06-06,N06,49,OSF,Pera Amarilla 2,0.3078,Mix,Pera,23,2017
2017-06-06,N06,49,OSF,Pera Roja-2,0.0684,Mix,Pera,23,2017
2017-06-06,N06,49,OSF,Perla,0.0513,Mix,Cherry Amarillo,23,2017
2017-06-06,N06,49,OSF,Pink,0.1368,Mix,Heirloom Cherry,23,2017
2017-06-06,N06,49,OSF,Yellow Suzan,0.171,Mix,Uva Amarilla,23,2017
2017-06-08,N07,56,OAP,Amsterdam,0.7866,Uva,Uva Roja,23,2017
2017-06-08,N07,57,OAP,Amaí,0.2052,Uva,Uva Roja,23,2017
2017-06-08,N07,57,OAP,Felicity,0.2736,Cherry,Cherry Rojo,23,2017
2017-06-08,N07,66,OAP,Honey Bunch,0.0648,Mix,Uva Amarilla,23,2017
2017-06-08,N07,66,OAP,Pera Amarilla 2,0.2916,Mix,Pera,23,2017
2017-06-08,N07,66,OAP,Pera Roja,0.2268,Mix,Pera,23,2017
2017-06-08,N07,66,OAP,Pera Roja-2,0.0972,Mix,Pera,23,2017
2017-06-08,N07,67,OAP,Amaí,0.0486,Uva,Uva Roja,23,2017
2017-06-08,N07,67,OAP,Amsterdam,0.0972,Uva,Uva Roja,23,2017
2017-06-08,N07,67,OAP,Mistral,0.5346,Uva,Uva Roja,23,2017
2017-06-14,N05,3,SAB,Mistral,0.936,Uva,Uva Roja,24,2017
2017-06-14,N05,4,SAB,Amaí,0.306,Uva,Uva Roja,24,2017
2017-06-14,N05,4,SAB,Amsterdam,0.342,Uva,Uva Roja,24,2017
2017-06-14,N05,4,SAB,Pink,0.09,Mix,Heirloom Cherry,24,2017
2017-06-14,N05,4,SAB,Santawest,0.288,Uva,Uva Roja,24,2017
2017-06-14,N05,5,SAB,Amaí,0.198,Uva,Uva Roja,24,2017
2017-06-14,N05,5,SAB,Mistral,0.72,Uva,Uva Roja,24,2017
2017-06-15,N02,24,OSF,Amaí,0.0855,Uva,Uva Roja,24,2017
2017-06-15,N02,24,OSF,Felicity,0.2394,Cherry,Cherry Rojo,24,2017
2017-06-15,N02,24,OSF,Mistral,0.1881,Uva,Uva Roja,24,2017
2017-06-15,N02,24,OSF,Shiren,0.3078,Cherry,Cherry Rojo,24,2017
2017-06-15,N06,38,OSF,Amaí,0.3591,Uva,Uva Roja,24,2017
2017-06-15,N06,38,OSF,Amsterdam,0.4446,Uva,Uva Roja,24,2017
2017-06-15,N06,38,OSF,Pera Amarilla 2,0.0684,Mix,Pera,24,2017
2017-06-15,N06,47,OSF,Baby Black Plum,0.1026,Mix,Heirloom Cherry,24,2017
2017-06-15,N06,47,OSF,Habanero Rojo,0.1539,Mix,Heirloom Cherry,24,2017
2017-06-15,N06,47,OSF,Habanero Tangerina,0.0513,Mix,Heirloom Cherry,24,2017
2017-06-15,N06,47,OSF,Honey Bunch,0.1026,Mix,Uva Amarilla,24,2017
2017-06-15,N06,47,OSF,Pera Amarilla 2,0.1368,Mix,Pera,24,2017
2017-06-15,N06,47,OSF,Pera Roja,0.2223,Mix,Pera,24,2017
2017-06-15,N06,47,OSF,Yellow Suzan,0.1026,Mix,Uva Amarilla,24,2017
2017-06-16,N05,15,SAB,Habanero Rojo,0.216,Mix,Heirloom Cherry,24,2017
2017-06-16,N05,15,SAB,Pera Amarilla 2,0.324,Mix,Pera,24,2017
2017-06-16,N05,15,SAB,Pera Roja,0.0713,Mix,Pera,24,2017
2017-06-16,N05,16,SAB,Habanero Rojo,0.252,Mix,Heirloom Cherry,24,2017
2017-06-16,N05,16,SAB,Tangerina Grape,0.36,Mix,Heirloom Cherry,24,2017
2017-06-16,N05,17,SAB,Felicity,0.504,Cherry,Cherry Rojo,24,2017
2017-06-16,N05,17,SAB,Shiren,0.198,Cherry,Cherry Rojo,24,2017
2017-06-16,N06,42,OAP,Amaí,0.0855,Uva,Uva Roja,24,2017
2017-06-16,N06,42,OAP,Felicity,0.2223,Cherry,Cherry Rojo,24,2017
2017-06-16,N06,42,OAP,Pink,0.1026,Mix,Heirloom Cherry,24,2017
2017-06-16,N06,42,OAP,Shiren,0.2907,Cherry,Cherry Rojo,24,2017
2017-06-16,N06,42,OAP,Yellow Suzan,0.0855,Mix,Uva Amarilla,24,2017
2017-06-16,N06,43,OAP,Amsterdam,0.3249,Uva,Uva Roja,24,2017
2017-06-16,N06,43,OAP,Mistral,0.4617,Uva,Uva Roja,24,2017
2017-06-17,N02,8,OAP,Amaí,0.2117,Uva,Uva Roja,24,2017
2017-06-17,N02,8,OAP,Amsterdam,0.5468,Uva,Uva Roja,24,2017
2017-06-17,N02,8,OAP,Felicity,0.1235,Cherry,Cherry Rojo,24,2017
2017-06-17,N02,8,OAP,Shiren,0.0882,Cherry,Cherry Rojo,24,2017
2017-06-17,N02,9,OAP,Amaí,0.0176,Uva,Uva Roja,24,2017
2017-06-17,N02,9,OAP,Felicity,0.2293,Cherry,Cherry Rojo,24,2017
2017-06-17,N02,9,OAP,Mistral,0.4586,Uva,Uva Roja,24,2017
2017-06-17,N02,9,OAP,Santawest,0.2646,Uva,Uva Roja,24,2017
2017-06-20,S12,10,SFB,Felicity,0.1458,Cherry,Cherry Rojo,25,2017
2017-06-20,S12,11,SFB,Felicity,0.1134,Cherry,Cherry Rojo,25,2017
2017-06-20,S12,11,SFB,Habanero Rojo,0.1134,Mix,Heirloom Cherry,25,2017
2017-06-27,N02,6,OAP,Amaí,0.324,Uva,Uva Roja,26,2017
2017-06-27,N02,6,OAP,Amsterdam,0.1782,Uva,Uva Roja,26,2017
2017-06-27,N02,6,OAP,Mistral,0.1944,Uva,Uva Roja,26,2017
2017-06-27,N02,7,OAP,Habanero Rojo,0.1426,Mix,Heirloom Cherry,26,2017
2017-06-27,N02,7,OAP,Pera Amarilla 3,0.095,Mix,Pera,26,2017
2017-06-27,N02,7,OAP,Pera Roja-2,0.0792,Mix,Pera,26,2017
2017-06-27,N02,7,OAP,Perla,0.095,Mix,Cherry Amarillo,26,2017
2017-06-27,N02,10,OAP,Baby Black Plum,0.2916,Mix,Heirloom Cherry,26,2017
2017-06-27,N02,10,OAP,Black Pear,0.0648,Mix,Heirloom Cherry,26,2017
2017-06-27,N02,10,OAP,Pink,0.1296,Mix,Heirloom Cherry,26,2017
2017-06-27,N02,10,OAP,White,0.081,Mix,Heirloom Cherry,26,2017
2017-06-27,N02,11,OAP,Pink,0.1109,Mix,Heirloom Cherry,26,2017
2017-06-27,N02,11,OAP,White,0.095,Mix,Heirloom Cherry,26,2017
2017-06-27,N02,11,OAP,Yellow Suzan,0.1267,Mix,Uva Amarilla,26,2017
2017-06-28,S05,4,SFB,Amsterdam,0.4032,Uva,Uva Roja,26,2017
2017-06-28,S05,5,SFB,Amsterdam,0.4032,Uva,Uva Roja,26,2017
2017-06-28,S21,2,SFB,Amaí,0.0972,Uva,Uva Roja,26,2017
2017-06-28,S21,2,SFB,Baby Black Plum,0.0324,Mix,Heirloom Cherry,26,2017
2017-06-28,S21,2,SFB,Habanero Tangerina,0.0486,Mix,Heirloom Cherry,26,2017
2017-06-28,S21,2,SFB,Honey Bunch,0.081,Mix,Uva Amarilla,26,2017
2017-06-28,S21,2,SFB,Pera Amarilla 2,0.0486,Mix,Pera,26,2017
2017-06-28,S21,2,SFB,Pera Roja-2,0.0648,Mix,Pera,26,2017
2017-06-28,S21,2,SFB,Pink,0.0486,Mix,Heirloom Cherry,26,2017
2017-06-28,S21,2,SFB,White,0.162,Mix,Heirloom Cherry,26,2017
2017-07-03,N02,35,OSF,Amaí,0.3249,Uva,Uva Roja,27,2017
2017-07-03,N02,35,OSF,Amsterdam,0.684,Uva,Uva Roja,27,2017
2017-07-03,N02,35,OSF,Felicity,0.2736,Cherry,Cherry Rojo,27,2017
2017-07-03,N02,35,OSF,Habanero Rojo,0.1026,Mix,Heirloom Cherry,27,2017
2017-07-03,N02,35,OSF,Habanero Tangerina,0.1539,Mix,Heirloom Cherry,27,2017
2017-07-03,N02,35,OSF,Mistral,0.0684,Uva,Uva Roja,27,2017
2017-07-03,N02,35,OSF,Pera Amarilla 2,0.171,Mix,Pera,27,2017
2017-07-03,N02,35,OSF,Pera Roja,0.0855,Mix,Pera,27,2017
2017-07-03,N02,35,OSF,Perla,0.0171,Mix,Cherry Amarillo,27,2017
2017-07-03,N02,35,OSF,Shiren,0.1881,Cherry,Cherry Rojo,27,2017
2017-07-03,N02,35,OSF,Yellow Suzan,0.0684,Mix,Uva Amarilla,27,2017
2017-07-07,V02,13,VAP,Amaí,0.1148,Uva,Uva Roja,27,2017
2017-07-07,V02,13,VAP,Felicity,0.2952,Cherry,Cherry Rojo,27,2017
2017-07-07,V02,13,VAP,Shiren,0.328,Cherry,Cherry Rojo,27,2017
2017-07-07,V02,14,VAP,Amaí,0.693,Uva,Uva Roja,27,2017
2017-07-07,V02,15,VAP,Pera Amarilla 2,0.1892,Mix,Pera,27,2017
2017-07-07,V02,15,VAP,Pera Roja-2,0.1548,Mix,Pera,27,2017
2017-07-07,V02,15,VAP,Yellow Suzan,0.1462,Mix,Uva Amarilla,27,2017
2017-07-07,V02,19,VAP,Santawest,0.2112,Uva,Uva Roja,27,2017
2017-07-07,V02,19,VAP,Yellow Suzan,0.2016,Mix,Uva Amarilla,27,2017
2017-07-14,S05,11,SFB,Felicity,0.2916,Cherry,Cherry Rojo,28,2017
2017-07-14,S05,11,SFB,Shiren,0.2268,Cherry,Cherry Rojo,28,2017
2017-07-14,S05,12,SFB,Pera Amarilla 2,0.2016,Mix,Pera,28,2017
2017-07-14,S05,12,SFB,Yellow Suzan,0.1008,Mix,Uva Amarilla,28,2017
2017-07-14,S05,13,SFB,Amsterdam,0.4284,Uva,Uva Roja,28,2017
2017-07-14,S05,14,SFB,Amsterdam,0.4212,Uva,Uva Roja,28,2017
2017-07-22,V02,6,VAP,Amaí,0.0684,Uva,Uva Roja,29,2017
2017-07-22,V02,6,VAP,Baby Black Plum,0.114,Mix,Heirloom Cherry,29,2017
2017-07-22,V02,6,VAP,Pera Amarilla 2,0.0228,Mix,Pera,29,2017
2017-07-22,V02,6,VAP,Pera Amarilla 2,0.1596,Mix,Pera,29,2017
2017-07-22,V02,6,VAP,Pera Roja,0.1596,Mix,Pera,29,2017
2017-07-22,V02,6,VAP,Perla,0.1596,Mix,Cherry Amarillo,29,2017
2017-07-22,V02,6,VAP,White,0.0912,Mix,Heirloom Cherry,29,2017
2017-07-22,V02,6,VAP,Yellow Suzan,0.0456,Mix,Uva Amarilla,29,2017
2017-07-22,V02,10,VAP,Perla,0.1884,Mix,Cherry Amarillo,29,2017
2017-07-22,V02,10,VAP,Shiren,0.8478,Cherry,Cherry Rojo,29,2017
2017-07-22,V02,12,VAP,Habanero Tangerina,0.1872,Mix,Heirloom Cherry,29,2017
2017-07-22,V02,12,VAP,Pink,0.1144,Mix,Heirloom Cherry,29,2017
2017-07-22,V02,12,VAP,Tangerina Grape,0.1664,Mix,Heirloom Cherry,29,2017
2017-07-22,V02,16,VAP,Amsterdam,0.4416,Uva,Uva Roja,29,2017
2017-07-22,V02,16,VAP,Habanero Rojo,0.288,Mix,Heirloom Cherry,29,2017
2017-07-22,V02,20,VAP,Amsterdam,0.0552,Uva,Uva Roja,29,2017
2017-07-22,V02,24,VAP,Santawest,0.506,Uva,Uva Roja,29,2017
2017-07-29,S17,9,SAB,Mistral,0.272,Uva,Uva Roja,30,2017
2017-07-29,S17,11,SAB,Amaí,0.672,Uva,Uva Roja,30,2017
2017-07-29,S17,11,SAB,Mistral,0.256,Uva,Uva Roja,30,2017
2017-07-29,S17,12,SAB,Shiren,0.288,Cherry,Cherry Rojo,30,2017
2017-08-04,S17,5,SAB,Baby Black Plum,0.08,Mix,Heirloom Cherry,31,2017
2017-08-04,S17,5,SAB,Pink,0.176,Mix,Heirloom Cherry,31,2017
2017-08-04,S17,5,SAB,White,0.208,Mix,Heirloom Cherry,31,2017
2017-08-04,S17,6,SAB,Habanero Tangerina,0.128,Mix,Heirloom Cherry,31,2017
2017-08-04,S17,6,SAB,Yellow Suzan,0.144,Mix,Uva Amarilla,31,2017
2017-08-07,Z18,5,ZJL,Amaí,0.45,Uva,Uva Roja,32,2017
2017-08-07,Z18,5,ZJL,Amsterdam,0.3375,Uva,Uva Roja,32,2017
2017-08-08,Z18,6,ZJL,Amsterdam,0.1575,Uva,Uva Roja,32,2017
2017-08-08,Z18,6,ZJL,Mistral,0.2363,Uva,Uva Roja,32,2017
2017-08-08,Z18,6,ZJL,Pink,0.1013,Mix,Heirloom Cherry,32,2017
2017-08-08,Z18,6,ZJL,Santawest,0.2588,Uva,Uva Roja,32,2017
2017-08-08,Z18,7,ZJL,Pera Amarilla 3,0.1125,Mix,Pera,32,2017
2017-08-08,Z18,7,ZJL,Pera Roja,0.1238,Mix,Pera,32,2017
2017-08-08,Z18,7,ZJL,Pink,0.09,Mix,Heirloom Cherry,32,2017
2017-08-08,Z18,7,ZJL,Tangerina Grape,0.1238,Mix,Heirloom Cherry,32,2017
2017-08-08,Z18,7,ZJL,White,0.1575,Mix,Heirloom Cherry,32,2017
2017-08-09,Z18,8,ZJL,Top-2204,0.5288,Cherry,Cherry Rojo,32,2017
2017-08-21,Z18,4,ZJL,Tangerina Grape,0.09,Mix,Heirloom Cherry,34,2017
2017-08-21,Z18,4,ZJL,White,0.0338,Mix,Heirloom Cherry,34,2017
2017-08-21,Z18,7,ZJL,Habanero Tangerina,0.045,Mix,Heirloom Cherry,34,2017
2017-08-21,Z18,7,ZJL,Pera Amarilla 3,0.18,Mix,Pera,34,2017
2017-08-21,Z18,8,ZJL,Felicity,0.27,Cherry,Cherry Rojo,34,2017
2017-08-22,Z18,9,ZJL,Amaí,0.135,Uva,Uva Roja,34,2017
2017-08-22,Z18,9,ZJL,Amsterdam,0.2138,Uva,Uva Roja,34,2017
2017-08-22,Z18,9,ZJL,Felicity,0.315,Cherry,Cherry Rojo,34,2017
2017-08-22,Z18,9,ZJL,Perla,0.1125,Mix,Cherry Amarillo,34,2017
2017-08-22,Z18,10,ZJL,Amaí,0.1238,Uva,Uva Roja,34,2017
2017-08-22,Z18,10,ZJL,Habanero Rojo,0.0788,Mix,Heirloom Cherry,34,2017
2017-08-22,Z18,10,ZJL,Mistral,0.36,Uva,Uva Roja,34,2017
2017-08-22,Z18,10,ZJL,Santawest,0.2025,Uva,Uva Roja,34,2017
2017-08-28,Z18,1,ZJL,Amaí,0.3825,Uva,Uva Roja,35,2017
2017-08-28,Z18,1,ZJL,Mistral,0.2925,Uva,Uva Roja,35,2017
2017-08-28,Z18,1,ZJL,Santawest,0.1125,Uva,Uva Roja,35,2017
2017-08-28,Z18,2,ZJL,Felicity,0.3825,Cherry,Cherry Rojo,35,2017
2017-08-28,Z18,2,ZJL,Habanero Tangerina,0.1238,Mix,Heirloom Cherry,35,2017
2017-08-28,Z18,2,ZJL,Pera Roja,0.0788,Mix,Pera,35,2017
2017-08-28,Z18,2,ZJL,Pink,0.0788,Mix,Heirloom Cherry,35,2017
2017-08-28,Z18,2,ZJL,Santawest,0.1238,Uva,Uva Roja,35,2017
2018-01-29,Z17,7,ZJL,Amsterdam,0.6525,Uva,Uva Roja,5,2018
2018-01-29,Z17,7,ZJL,Mistral,0.1688,Uva,Uva Roja,5,2018
2018-01-31,Z17,3,ZJL,Amsterdam,0.0338,Uva,Uva Roja,5,2018
2018-01-31,Z17,3,ZJL,Felicity,0.4725,Cherry,Cherry Rojo,5,2018
2018-01-31,Z17,3,ZJL,Habanero Rojo,0.18,Mix,Heirloom Cherry,5,2018
2018-01-31,Z17,3,ZJL,Habanero Tangerina,0.135,Mix,Heirloom Cherry,5,2018
2018-02-01,Z17,2,ZJL,Pink,0.1688,Mix,Heirloom Cherry,5,2018
2018-02-01,Z17,2,ZJL,White,0.1913,Mix,Heirloom Cherry,5,2018
2018-02-26,Z18,3,ZJL,Amsterdam,0.2588,Uva,Uva Roja,9,2018
2018-02-26,Z18,3,ZJL,Mistral,0.5288,Uva,Uva Roja,9,2018
2018-03-01,Z17,1,ZJL,Amsterdam,0.1463,Uva,Uva Roja,9,2018
2018-03-01,Z17,1,ZJL,Dolcetine,0.0113,Uva,Uva Roja,9,2018
2018-03-01,Z17,1,ZJL,Felicity,0.5063,Cherry,Cherry Rojo,9,2018
2018-03-01,Z17,1,ZJL,Olene,0.0113,Uva,Uva Roja,9,2018
2018-03-01,Z17,1,ZJL,Yellow Suzan,0.135,Mix,Uva Amarilla,9,2018
2018-03-01,Z17,2,ZJL,Amsterdam,0.1013,Uva,Uva Roja,9,2018
2018-03-01,Z17,2,ZJL,Pera Amarilla 2,0.1463,Mix,Pera Amarilla,9,2018
2018-03-01,Z17,2,ZJL,Pera Roja,0.135,Mix,Pera Roja,9,2018
2018-03-03,V02,27,VAP,Amsterdam,0.9384,Uva,Uva Roja,9,2018
2018-03-03,V02,28,VAP,Amsterdam,0.936,Uva,Uva Roja,9,2018
2018-03-05,V02,13,VAP,Amsterdam,0.3864,Uva,Uva Roja,10,2018
2018-03-05,V02,13,VAP,Felicity,0.3528,Cherry,Cherry Rojo,10,2018
2018-03-05,V02,14,VAP,Felicity,0.6776,Cherry,Cherry Rojo,10,2018
2018-03-06,V02,12,VAP,Pera Amarilla 2,0.3304,Mix,Pera Amarilla,10,2018
2018-03-06,V02,12,VAP,Pera Roja,0.1888,Mix,Pera Roja,10,2018
2018-03-06,V02,15,VAP,White,0.09,Mix,Heirloom Cherry,10,2018
2018-03-06,V02,15,VAP,Yellow Suzan,0.324,Mix,Uva Amarilla,10,2018
2018-03-07,V02,19,VAP,Habanero Rojo,0.1548,Mix,Heirloom Cherry,10,2018
2018-03-07,V02,19,VAP,Habanero Tangerina,0.1118,Mix,Heirloom Cherry,10,2018
2018-03-07,V02,19,VAP,Pink,0.0258,Mix,Heirloom Cherry,10,2018
2018-03-07,V02,19,VAP,White,0.0602,Mix,Heirloom Cherry,10,2018
2018-03-09,V02,23,VAP,Amsterdam,0.047,Uva,Uva Roja,10,2018
2018-03-09,V02,23,VAP,Dolcetine,0.0188,Uva,Uva Roja,10,2018
2018-03-09,V02,23,VAP,Olene,0.0094,Uva,Uva Roja,10,2018
2018-03-13,V02,6,VAP,Mistral,0.912,Uva,Uva Roja,11,2018
2018-03-13,V02,7,VAP,Pera Amarilla 2,0.1944,Mix,Pera Amarilla,11,2018
2018-03-13,V02,7,VAP,Tangerina Grape,0.1512,Mix,Heirloom Cherry,11,2018
2018-03-13,V02,7,VAP,Tymoty,0.4968,Cherry,Cherry Rojo,11,2018
2018-03-13,V02,10,VAP,Amaí,1.0268,Uva,Uva Roja,11,2018
2018-03-13,V02,11,VAP,Tymoty,0.6402,Cherry,Cherry Rojo,11,2018
2018-03-13,V02,23,VAP,Habanero Rojo,0.141,Mix,Heirloom Cherry,11,2018
2018-03-13,V02,23,VAP,Habanero Tangerina,0.1504,Mix,Heirloom Cherry,11,2018
2018-03-13,V02,23,VAP,Pink,0.0376,Mix,Heirloom Cherry,11,2018
2018-03-13,V02,23,VAP,Tangerina Grape,0.0188,Mix,Heirloom Cherry,11,2018
2018-03-22,V02,16,VAP,Amaí,0.5376,Uva,Uva Roja,12,2018
2018-03-22,V02,16,VAP,Pera Amarilla 2,0.1728,Mix,Pera Amarilla,12,2018
2018-03-22,V02,16,VAP,Tangerina Grape,0.0768,Mix,Heirloom Cherry,12,2018
2018-03-22,V02,20,VAP,Amaí,0.276,Uva,Uva Roja,12,2018
2018-03-23,Z18,7,ZJL,Pera Amarilla 2,0.0563,Mix,Pera Amarilla,12,2018
2018-03-23,Z18,7,ZJL,Pera Roja,0.0338,Mix,Pera Roja,12,2018
2018-03-24,S07,7,SFB,Felicity,0.4698,Cherry,Cherry Rojo,12,2018
2018-03-24,S07,8,SFB,Amsterdam,0.3402,Uva,Uva Roja,12,2018
2018-03-24,S07,8,SFB,Habanero Tangerina,0.0972,Mix,Heirloom Cherry,12,2018
2018-03-24,S07,8,SFB,Tymoty,0.1296,Cherry,Cherry Rojo,12,2018
2018-03-24,S07,8,SFB,White,0.0972,Mix,Heirloom Cherry,12,2018
2018-03-24,S07,9,SFB,Habanero Rojo,0.1125,Mix,Heirloom Cherry,12,2018
2018-03-24,S07,9,SFB,Habanero Tangerina,0.1125,Mix,Heirloom Cherry,12,2018
2018-03-24,S07,10,SFB,Amsterdam,0.1836,Uva,Uva Roja,12,2018
2018-03-24,S07,10,SFB,Tymoty,0.0864,Cherry,Cherry Rojo,12,2018
2018-03-24,S07,12,SFB,Amsterdam,0.8694,Uva,Uva Roja,12,2018
2018-03-27,N02,13,OAP,Mistral,0.3762,Uva,Uva Roja,13,2018
2018-03-29,N02,29,OSF,Dolcetine,0.0342,Uva,Uva Roja,13,2018
2018-03-29,N02,29,OSF,Olene,0.0342,Uva,Uva Roja,13,2018
2018-04-02,V02,2,VAP,Pera Roja,0.448,Mix,Pera Roja,14,2018
2018-04-02,V02,2,VAP,Tangerina Grape,0.448,Mix,Heirloom Cherry,14,2018
2018-04-02,V02,2,VAP,Yellow Suzan,0.392,Mix,Uva Amarilla,14,2018
2018-04-02,V02,3,VAP,Pink,0.0732,Mix,Heirloom Cherry,14,2018
2018-04-02,V02,3,VAP,Tymoty,0.3416,Cherry,Cherry Rojo,14,2018
2018-04-02,V02,3,VAP,White,0.0488,Mix,Heirloom Cherry,14,2018
2018-04-02,V02,24,VAP,Amaí,0.473,Uva,Uva Roja,14,2018
2018-04-02,V02,24,VAP,Red Paradise,0.044,Uva,Uva Roja,14,2018
2018-04-03,S03,6,SAB,Mistral,0.336,Uva,Uva Roja,14,2018
2018-04-03,S03,7,SAB,Mistral,0.448,Uva,Uva Roja,14,2018
2018-04-03,S03,8,SAB,Felicity,0.288,Cherry,Cherry Rojo,14,2018
2018-04-03,S03,8,SAB,Yellow Suzan,0.608,Mix,Uva Amarilla,14,2018
2018-04-03,S10,1,SAB,Felicity,0.576,Cherry,Cherry Rojo,14,2018
2018-04-03,S10,2,SAB,Felicity,0.192,Cherry,Cherry Rojo,14,2018
2018-04-04,S03,2,SAB,Amaí,0.8,Uva,Uva Roja,14,2018
2018-04-04,S10,3,SAB,Mistral,0.16,Uva,Uva Roja,14,2018
2018-04-06,V02,8,VAP,Habanero Rojo,0.0384,Mix,Heirloom Cherry,14,2018
2018-04-06,V02,8,VAP,Habanero Tangerina,0.0192,Mix,Heirloom Cherry,14,2018
2018-04-06,V02,8,VAP,Pera Roja,0.0384,Mix,Pera Roja,14,2018
2018-04-06,V02,8,VAP,Pink,0.0192,Mix,Heirloom Cherry,14,2018
2018-04-06,V02,8,VAP,Prezioso,0.1536,Mix,Cien Dulce,14,2018
2018-04-06,V02,8,VAP,Red Paradise,0.0192,Uva,Uva Roja,14,2018
2018-04-06,V02,8,VAP,Tymoty,0.3648,Cherry,Cherry Rojo,14,2018
2018-04-11,S03,5,SAB,Pera Amarilla 2,0.416,Mix,Pera Amarilla,15,2018
2018-04-11,S03,5,SAB,Pera Roja,0.384,Mix,Pera Roja,15,2018
2018-04-27,N05,51,SAB,Pink,0.288,Mix,Heirloom Cherry,17,2018
2018-04-27,N05,51,SAB,Prezioso,0.09,Mix,Cien Dulce,17,2018
2018-04-27,N05,52,SAB,Habanero Tangerina,0.126,Mix,Heirloom Cherry,17,2018
2018-04-28,S20,3,SFB,Tymoty,0.3744,Cherry,Cherry Rojo,17,2018
2018-04-28,S20,4,SFB,Amaí,0.4752,Uva,Uva Roja,17,2018
2018-04-28,S20,4,SFB,Tymoty,0.1008,Cherry,Cherry Rojo,17,2018
2018-04-30,S07,6,SFB,Pera Amarilla 2,0.1836,Mix,Pera Amarilla,18,2018
2018-04-30,S07,6,SFB,Yellow Suzan,0.3978,Mix,Uva Amarilla,18,2018
2018-04-30,S07,11,SFB,Amsterdam,0.7452,Uva,Uva Roja,18,2018
2018-05-03,N05,53,SAB,Habanero Tangerina,0.144,Mix,Heirloom Cherry,18,2018
2018-05-03,N05,53,SAB,Pera Amarilla 2,0.072,Mix,Pera,18,2018
2018-05-04,N02,31,OSF,Mistral,0.2907,Uva,Uva Roja,18,2018
2018-05-04,N02,31,OSF,Pera Roja,0.1197,Mix,Pera Roja,18,2018
2018-05-08,N02,15,OAP,Baby Black Plum,0.1881,Mix,Heirloom Cherry,19,2018
2018-05-08,N02,15,OAP,Pera Amarilla 2,0.2565,Mix,Pera Amarilla,19,2018
2018-05-08,N02,15,OAP,Pera Roja,0.2052,Mix,Pera Roja,19,2018
2018-05-08,N02,18,OAP,Amsterdam,0.0513,Uva,Uva Roja,19,2018
2018-05-08,N02,18,OAP,Felicity,0.2394,Cherry,Cherry Rojo,19,2018
2018-05-08,N02,18,OAP,Prezioso,0.0684,Mix,Cien Dulce,19,2018
2018-05-08,N02,18,OAP,Tymoty,0.2907,Cherry,Cherry Rojo,19,2018
2018-05-08,N02,23,OAP,Amsterdam,0.5814,Uva,Uva Roja,19,2018
2018-05-08,N02,23,OAP,Pera Roja,0.0684,Mix,Pera Roja,19,2018
2018-05-15,N05,58,SAB,Amaí,0.162,Uva,Uva Roja,20,2018
2018-05-15,N05,58,SAB,Mistral,0.414,Uva,Uva Roja,20,2018
2018-05-15,N05,59,SAB,Amaí,0.648,Uva,Uva Roja,20,2018
2018-05-15,N05,60,SAB,Amaí,0.648,Uva,Uva Roja,20,2018
2018-05-21,N02,10,OAP,Felicity,0.5994,Cherry,Cherry Rojo,21,2018
2018-05-21,N06,44,OAP,Dolcetine,0.0171,Uva,Uva Roja,21,2018
2018-05-21,N06,44,OAP,Habanero Rojo,0.4104,Mix,Heirloom Cherry,21,2018
2018-05-21,N06,44,OAP,Habanero Tangerina,0.3762,Mix,Heirloom Cherry,21,2018
2018-05-21,N06,45,OAP,Mistral,0.8208,Uva,Uva Roja,21,2018
2018-05-21,N06,46,OAP,Amsterdam,0.8208,Uva,Uva Roja,21,2018
2018-05-24,N02,33,OSF,Habanero Rojo,0.0342,Mix,Heirloom Cherry,21,2018
2018-05-24,N02,34,OSF,Habanero Rojo,0.1539,Mix,Heirloom Cherry,21,2018
2018-05-24,N02,34,OSF,Pink,0.1197,Mix,Heirloom Cherry,21,2018
2018-05-24,N02,34,OSF,Prezioso,0.0684,Mix,Cien Dulce,21,2018
2018-05-24,N02,34,OSF,Tangerina Grape,0.171,Mix,Heirloom Cherry,21,2018
2018-05-24,N02,34,OSF,White,0.1539,Mix,Heirloom Cherry,21,2018
2018-05-24,N02,34,OSF,Yellow Suzan,0.1539,Mix,Uva Amarilla,21,2018
2018-05-24,N05,63,SAB,Pera Amarilla 2,0.252,Mix,Pera Amarilla,21,2018
2018-05-24,N05,63,SAB,Pera Roja,0.342,Mix,Pera Roja,21,2018
2018-06-02,N02,32,OSF,Dolcetine,0.0171,Uva,Uva Roja,22,2018
2018-06-02,N02,32,OSF,Habanero Rojo,0.0855,Mix,Heirloom Cherry,22,2018
2018-06-02,N02,32,OSF,Olene,0.0342,Uva,Uva Roja,22,2018
2018-06-02,N02,32,OSF,Prezioso,0.0342,Mix,Cien Dulce,22,2018
2018-06-02,N02,32,OSF,Yellow Jelly Bean,0.2907,Mix,Uva Amarilla,22,2018
2018-06-02,N02,34,OSF,Pera Amarilla 2,0.2736,Mix,Pera Amarilla,22,2018
2018-06-02,N02,34,OSF,Pera Roja,0.171,Mix,Pera Roja,22,2018
2018-06-02,N02,35,OSF,Pera Roja,0.1368,Mix,Pera Roja,22,2018
2018-06-04,N02,24,OSF,Felicity,0.4788,Cherry,Cherry Rojo,23,2018
2018-06-05,N02,8,OAP,Amsterdam,0.3249,Uva,Uva Roja,23,2018
2018-06-05,N02,8,OAP,Felicity,0.5985,Cherry,Cherry Rojo,23,2018
2018-06-05,N02,9,OAP,Amsterdam,0.4788,Uva,Uva Roja,23,2018
2018-06-05,N02,9,OAP,Prezioso,0.1197,Mix,Cien Dulce,23,2018
2018-06-05,N02,9,OAP,Yellow Jelly Bean,0.3249,Mix,Uva Amarilla,23,2018
2018-06-05,N02,16,OAP,Baby Black Plum,0.2394,Mix,Heirloom Cherry,23,2018
2018-06-05,N02,16,OAP,Pera Amarilla 2,0.3591,Mix,Pera Amarilla,23,2018
2018-06-05,N02,16,OAP,Pera Roja,0.1368,Mix,Pera Roja,23,2018
2018-06-05,N02,16,OAP,Tangerina Grape,0.1197,Mix,Heirloom Cherry,23,2018
2018-06-05,N02,16,OAP,Yellow Jelly Bean,0.2394,Mix,Uva Amarilla,23,2018
2018-06-07,S05,11,SFB,Mistral,0.1688,Uva,Uva Roja,23,2018
2018-06-07,S05,12,SFB,Mistral,0.3978,Uva,Uva Roja,23,2018
2018-06-07,S05,12,SFB,Tymoty,0.2574,Cherry,Cherry Rojo,23,2018
2018-06-07,S05,12,SFB,Yellow Suzan,0.2106,Mix,Uva Amarilla,23,2018
2018-06-07,S05,13,SFB,Habanero Rojo,0.0648,Mix,Heirloom Cherry,23,2018
2018-06-07,S05,13,SFB,Pink,0.0486,Mix,Heirloom Cherry,23,2018
2018-06-07,S05,13,SFB,Tymoty,0.4374,Cherry,Cherry Rojo,23,2018
2018-06-07,S05,13,SFB,White,0.1296,Mix,Heirloom Cherry,23,2018
2018-06-09,V01,43,VAP,Amaí,0.92,Uva,Uva Roja,23,2018
2018-06-09,V01,43,VAP,Prezioso,0.046,Mix,Cien Dulce,23,2018
2018-06-09,V01,43,VAP,Tymoty,0.529,Cherry,Cherry Rojo,23,2018
2018-06-09,V01,44,VAP,Dolcetine,0.0318,Uva,Uva Roja,23,2018
2018-06-09,V01,44,VAP,Habanero Tangerina,0.0106,Mix,Heirloom Cherry,23,2018
2018-06-09,V01,44,VAP,Prezioso,0.053,Mix,Cien Dulce,23,2018
2018-06-09,V01,44,VAP,Yellow Suzan,0.2226,Mix,Uva Amarilla,23,2018
2018-06-13,N05,62,SAB,Pink,0.432,Mix,Heirloom Cherry,24,2018
2018-06-13,N05,62,SAB,Yellow Suzan,0.306,Mix,Uva Amarilla,24,2018
2018-06-13,N05,68,SAB,Habanero Rojo,0.234,Mix,Heirloom Cherry,24,2018
2018-06-13,N05,68,SAB,Habanero Tangerina,0.144,Mix,Heirloom Cherry,24,2018
2018-06-13,N05,68,SAB,Tymoty,0.162,Cherry,Cherry Rojo,24,2018
2018-06-13,N05,69,SAB,Tymoty,0.774,Cherry,Cherry Rojo,24,2018
2018-06-13,N05,69,SAB,Yellow Suzan,0.018,Mix,Uva Amarilla,24,2018
2018-06-13,N05,70,SAB,Mistral,0.288,Uva,Uva Roja,24,2018
2018-06-15,N05,61,SAB,Mistral,0.792,Uva,Uva Roja,24,2018
2018-06-16,N02,19,OAP,Mistral,0.6318,Uva,Uva Roja,24,2018
2018-06-16,N02,19,OAP,Pera Amarilla 2,0.1134,Mix,Pera Amarilla,24,2018
2018-06-16,N02,21,OAP,Dolcetine,0.0486,Uva,Uva Roja,24,2018
2018-06-16,N02,21,OAP,Olene,0.0324,Uva,Uva Roja,24,2018
2018-06-16,N02,22,OAP,Pink,0.3402,Mix,Heirloom Cherry,24,2018
2018-06-16,N02,22,OAP,White,0.3564,Mix,Heirloom Cherry,24,2018
2018-06-16,N02,22,OAP,Yellow Suzan,0.0486,Mix,Uva Amarilla,24,2018
2018-06-18,N02,24,OSF,Felicity,0.2223,Cherry,Cherry Rojo,25,2018
2018-06-18,N02,24,OSF,Tymoty,0.1881,Cherry,Cherry Rojo,25,2018
2018-06-18,N06,38,OSF,Amaí,0.0342,Uva,Uva Roja,25,2018
2018-06-18,N06,38,OSF,Amsterdam,0.8379,Uva,Uva Roja,25,2018
2018-06-18,N06,38,OSF,Felicity,0.0171,Cherry,Cherry Rojo,25,2018
2018-06-18,N06,38,OSF,Tymoty,0.0855,Cherry,Cherry Rojo,25,2018
2018-06-18,N06,47,OSF,Amaí,0.2736,Uva,Uva Roja,25,2018
2018-06-18,N06,47,OSF,Habanero Rojo,0.1197,Mix,Heirloom Cherry,25,2018
2018-06-18,N06,47,OSF,Habanero Tangerina,0.1197,Mix,Heirloom Cherry,25,2018
2018-06-18,N06,47,OSF,Pera Amarilla 2,0.0513,Mix,Pera Amarilla,25,2018
2018-06-18,N06,47,OSF,Pera Roja,0.1197,Mix,Pera Roja,25,2018
2018-06-18,N06,47,OSF,Pink,0.1368,Mix,Heirloom Cherry,25,2018
2018-06-18,N06,47,OSF,Tangerina Grape,0.0855,Mix,Heirloom Cherry,25,2018
2018-06-18,N06,47,OSF,White,0.0684,Mix,Heirloom Cherry,25,2018
2018-06-23,N02,7,OAP,Tymoty,0.5832,Cherry,Cherry Rojo,25,2018
2018-06-23,N02,14,OAP,Dolcetine,0.0324,Uva,Uva Roja,25,2018
2018-06-23,N02,14,OAP,Pera Amarilla 2,0.3726,Mix,Pera Amarilla,25,2018
2018-06-23,N02,14,OAP,Pera Roja,0.3402,Mix,Pera Roja,25,2018
2018-06-23,N06,39,OAP,Habanero Rojo,0.1881,Mix,Heirloom Cherry,25,2018
2018-06-23,N06,39,OAP,Habanero Tangerina,0.171,Mix,Heirloom Cherry,25,2018
2018-06-23,N06,39,OAP,Tangerina Grape,0.1881,Mix,Heirloom Cherry,25,2018
2018-06-23,N06,39,OAP,White,0.1539,Mix,Heirloom Cherry,25,2018
2018-06-23,N06,39,OAP,Yellow Jelly Bean,0.1539,Mix,Uva Amarilla,25,2018
2018-06-23,N06,40,OAP,Felicity,0.855,Cherry,Cherry Rojo,25,2018
2018-06-23,N06,41,OAP,Mistral,0.855,Uva,Uva Roja,25,2018
2018-06-23,V02,51,VAP,Habanero Tangerina,0.1442,Mix,Heirloom Cherry,25,2018
2018-06-23,V02,51,VAP,Pera Roja,0.1442,Mix,Pera Roja,25,2018
2018-06-25,N06,42,OAP,Amsterdam,0.3591,Uva,Uva Roja,26,2018
2018-06-25,N06,42,OAP,Prezioso,0.0342,Mix,Cien Dulce,26,2018
2018-06-25,N06,42,OAP,Yellow Suzan,0.4617,Mix,Uva Amarilla,26,2018
2018-06-30,N02,6,OAP,Amsterdam,0.7695,Uva,Uva Roja,26,2018
2018-06-30,N02,6,OAP,Felicity,0.729,Cherry,Cherry Rojo,26,2018
2018-06-30,N02,11,OAP,Felicity,0.6318,Cherry,Cherry Rojo,26,2018
2018-06-30,N02,11,OAP,Tymoty,0.0972,Cherry,Cherry Rojo,26,2018
2018-06-30,V02,29,VAP,Pera Amarilla 2,0.066,Mix,Pera Amarilla,26,2018
2018-06-30,V02,29,VAP,Pera Roja,0.044,Mix,Pera Roja,26,2018
2018-06-30,V02,51,VAP,Habanero Rojo,0.1442,Mix,Heirloom Cherry,26,2018
2018-07-02,N02,25,OSF,Felicity,0.1026,Cherry,Cherry Rojo,27,2018
2018-07-02,N02,25,OSF,Habanero Rojo,0.0684,Mix,Heirloom Cherry,27,2018
2018-07-02,N02,25,OSF,Habanero Tangerina,0.0855,Mix,Heirloom Cherry,27,2018
2018-07-02,N02,25,OSF,Pera Amarilla 2,0.2394,Mix,Pera Amarilla,27,2018
2018-07-02,N02,25,OSF,Pera Roja,0.2223,Mix,Pera Roja,27,2018
2018-07-02,N02,25,OSF,Tangerina Grape,0.1197,Mix,Heirloom Cherry,27,2018
2018-07-02,N02,26,OSF,Amaí,0.2907,Uva,Uva Roja,27,2018
2018-07-02,N02,26,OSF,Felicity,0.1368,Cherry,Cherry Rojo,27,2018
2018-07-02,N02,26,OSF,Tymoty,0.4104,Cherry,Cherry Rojo,27,2018
2018-07-02,N02,27,OSF,Amaí,0.1197,Uva,Uva Roja,27,2018
2018-07-02,N02,27,OSF,Amsterdam,0.8037,Uva,Uva Roja,27,2018
2018-07-09,N06,37,OSF,Amsterdam,0.3591,Uva,Uva Roja,28,2018
2018-07-09,N06,37,OSF,Baby Black Plum,0.0513,Mix,Heirloom Cherry,28,2018
2018-07-09,N06,37,OSF,Pera Amarilla 2,0.0855,Mix,Pera Amarilla,28,2018
2018-07-09,N06,37,OSF,Prezioso,0.0684,Mix,Cien Dulce,28,2018
2018-07-09,N06,37,OSF,Tymoty,0.1539,Cherry,Cherry Rojo,28,2018
2018-07-09,N06,37,OSF,Yellow Suzan,0.1539,Mix,Uva Amarilla,28,2018
2018-07-16,V01,41,VAP,Amaí,1.287,Uva,Uva Roja,29,2018
2018-07-17,V01,42,VAP,Amaí,0.465,Uva,Uva Roja,29,2018
2018-07-17,V01,42,VAP,Mistral,0.372,Uva,Uva Roja,29,2018
2018-07-17,V01,42,VAP,Pink,0.341,Mix,Heirloom Cherry,29,2018
2018-07-17,V01,42,VAP,Tangerina Grape,0.248,Mix,Heirloom Cherry,29,2018
2018-07-17,V01,42,VAP,White,0.217,Mix,Heirloom Cherry,29,2018
2018-07-21,V02,47,VAP,Pera Amarilla 2,0.416,Mix,Pera Amarilla,29,2018
2018-07-21,V02,47,VAP,Prezioso,0.064,Mix,Cien Dulce,29,2018
2018-07-21,V02,47,VAP,Tymoty,0.048,Cherry,Cherry Rojo,29,2018
2018-07-25,S12,6,SFB,Amsterdam,0.8316,Uva,Uva Roja,30,2018
2018-07-25,S12,7,SFB,Amaí,0.3586,Uva,Uva Roja,30,2018
2018-07-25,S12,7,SFB,Habanero Rojo,0.0896,Mix,Heirloom Cherry,30,2018
2018-07-25,S12,7,SFB,Habanero Tangerina,0.1195,Mix,Heirloom Cherry,30,2018
2018-07-25,S12,8,SFB,Dolcetine,0.0162,Uva,Uva Roja,30,2018
2018-07-25,S12,8,SFB,Pera Amarilla 2,0.4212,Mix,Pera Amarilla,30,2018
2018-07-25,S12,8,SFB,Prezioso,0.0486,Mix,Cien Dulce,30,2018
2018-07-25,S12,8,SFB,Yellow Suzan,0.1782,Mix,Uva Amarilla,30,2018
2018-07-26,S20,1,SFB,Tymoty,0.504,Cherry,Cherry Rojo,30,2018
2018-07-28,N05,71,SAB,Amaí,0.846,Uva,Uva Roja,30,2018
2018-07-28,N05,71,SAB,Pera Amarilla 2,0.054,Mix,Pera Amarilla,30,2018
2018-07-28,N05,71,SAB,Pera Roja,0.054,Mix,Pera Roja,30,2018
2018-07-28,N05,71,SAB,Tymoty,0.666,Cherry,Cherry Rojo,30,2018
2018-07-28,N05,71,SAB,Yellow Suzan,0.252,Mix,Uva Amarilla,30,2018
2018-07-28,N05,72,SAB,Felicity,0.144,Cherry,Cherry Rojo,30,2018
2018-07-28,N05,72,SAB,Habanero Tangerina,0.468,Mix,Heirloom Cherry,30,2018
2018-07-28,N05,72,SAB,Pera Amarilla 2,0.27,Mix,Pera Amarilla,30,2018
2018-07-28,N05,72,SAB,Pera Roja,0.126,Mix,Pera Roja,30,2018
2018-07-28,N05,72,SAB,Tangerina Grape,0.108,Mix,Heirloom Cherry,30,2018
2018-07-28,N05,72,SAB,Tymoty,0.144,Cherry,Cherry Rojo,30,2018
2018-07-28,N05,72,SAB,White,0.162,Mix,Heirloom Cherry,30,2018
2018-07-28,N05,72,SAB,Yellow Suzan,0.144,Mix,Uva Amarilla,30,2018
2018-07-28,V02,47,VAP,Pera Amarilla 2,0.048,Mix,Pera Amarilla,30,2018
2018-07-28,V02,48,VAP,Conde,0.0416,Uva,Uva Roja,30,2018
2018-07-28,V02,48,VAP,Santawest,0.4816,Uva,Uva Roja,30,2018
2018-07-28,V02,52,VAP,Mistral,0.512,Uva,Uva Roja,30,2018
2018-07-28,V02,53,VAP,Conde,0.108,Uva,Uva Roja,30,2018
2018-07-28,V02,53,VAP,Mistral,0.522,Uva,Uva Roja,30,2018
2018-07-28,V02,54,VAP,Felicity,0.054,Cherry,Cherry Rojo,30,2018
2018-07-28,V02,54,VAP,Mistral,0.288,Uva,Uva Roja,30,2018
2018-07-28,V02,54,VAP,Tymoty,0.468,Cherry,Cherry Rojo,30,2018
2018-08-02,V02,49,VAP,Tymoty,0.1372,Cherry,Cherry Rojo,31,2018
2018-08-02,V02,49,VAP,Yellow Suzan,0.6076,Mix,Uva Amarilla,31,2018
2018-08-02,V02,55,VAP,Habanero Rojo,0.1088,Mix,Heirloom Cherry,31,2018
2018-08-02,V02,55,VAP,Habanero Tangerina,0.1904,Mix,Heirloom Cherry,31,2018
2018-08-02,V02,55,VAP,Tymoty,0.34,Cherry,Cherry Rojo,31,2018
2018-08-03,Z18,1,ZJL,Mistral,0.7988,Uva,Uva Roja,31,2018
2018-08-03,Z18,2,ZJL,Mistral,0.585,Uva,Uva Roja,31,2018
2018-08-03,Z18,2,ZJL,Tymoty,0.0485,Cherry,Cherry Rojo,31,2018
2018-08-04,Z18,5,ZJL,Tymoty,0.4838,Cherry,Cherry Rojo,31,2018
2018-08-04,Z18,6,ZJL,Habanero Rojo,0.1013,Mix,Heirloom Cherry,31,2018
2018-08-04,Z18,6,ZJL,Habanero Tangerina,0.1013,Mix,Heirloom Cherry,31,2018
2018-08-04,Z18,6,ZJL,Pera Amarilla 2,0.135,Mix,Pera Amarilla,31,2018
2018-08-04,Z18,6,ZJL,Pera Roja,0.135,Mix,Pera Roja,31,2018
2018-08-04,Z18,6,ZJL,Pink,0.09,Mix,Heirloom Cherry,31,2018
2018-08-04,Z18,6,ZJL,Tangerina Grape,0.1013,Mix,Heirloom Cherry,31,2018
2018-08-04,Z18,6,ZJL,White,0.1125,Mix,Heirloom Cherry,31,2018
2018-08-06,V02,29,VAP,Prolyco,0.036,Cherry,Cherry Rojo,32,2018
2018-08-06,V02,50,VAP,Habanero Rojo,0.198,Mix,Heirloom Cherry,32,2018
2018-08-06,V02,50,VAP,Habanero Tangerina,0.054,Mix,Heirloom Cherry,32,2018
2018-08-06,V02,50,VAP,Pera Amarilla 2,0.036,Mix,Pera Amarilla,32,2018
2018-08-06,V02,50,VAP,Pera Roja-2,0.126,Mix,Pera Roja,32,2018
2018-08-18,V02,5,VAP,Amaí,0.8874,Uva,Uva Roja,33,2018
2018-08-18,V02,50,VAP,Amaí,0.09,Uva,Uva Roja,33,2018
2018-08-28,Z18,4,ZJL,Santawest,0.2813,Uva,Uva Roja,35,2018
2018-08-28,Z18,4,ZJL,Tymoty,0.5063,Cherry,Cherry Rojo,35,2018
2018-08-28,Z18,8,ZJL,Amsterdam,0.1913,Uva,Uva Roja,35,2018
2018-08-28,Z18,8,ZJL,Mistral,0.6075,Uva,Uva Roja,35,2018
2018-08-29,Z18,9,ZJL,Amsterdam,0.315,Uva,Uva Roja,35,2018
2018-08-29,Z18,9,ZJL,Santawest,0.2813,Uva,Uva Roja,35,2018
2018-08-29,Z18,9,ZJL,Yellow Suzan,0.18,Mix,Uva Amarilla,35,2018
2018-08-29,Z18,10,ZJL,Habanero Rojo,0.18,Mix,Heirloom Cherry,35,2018
2018-08-29,Z18,10,ZJL,Habanero Tangerina,0.1125,Mix,Heirloom Cherry,35,2018
2018-08-29,Z18,10,ZJL,Pera Amarilla 2,0.225,Mix,Pera Amarilla,35,2018
2018-08-29,Z18,10,ZJL,Pera Roja,0.135,Mix,Pera Roja,35,2018
2018-08-29,Z18,10,ZJL,White,0.1125,Mix,Heirloom Cherry,35,2018
2019-02-06,Z17,7,ZJL,Amsterdam,0.585,Uva,Uva Roja,6,2019
2019-02-06,Z17,7,ZJL,Santawest,0.2925,Uva,Uva Roja,6,2019
2019-02-07,Z17,2,ZJL,Habanero Rojo,0.5288,Mix,Heirloom Cherry,6,2019
2019-02-07,Z17,3,ZJL,Habanero Rojo,0.0338,Mix,Heirloom Cherry,6,2019
2019-02-07,Z17,3,ZJL,Habanero Tangerina,0.585,Mix,Heirloom Cherry,6,2019
2019-02-07,Z17,3,ZJL,Santawest,0.2588,Uva,Uva Roja,6,2019
2019-02-23,Z17,2,ZJL,Tymoty,0.3038,Cherry,Cherry Rojo,8,2019
2019-02-25,Z17,1,ZJL,Tymoty,0.8438,Cherry,Cherry Rojo,9,2019
2019-03-07,V02,14,VAP,Amaí,0.7155,Uva,Uva Roja,10,2019
2019-03-07,V02,15,VAP,Felicity,0.2484,Cherry,Cherry Rojo,10,2019
2019-03-07,V02,15,VAP,Tymoty,0.2808,Cherry,Cherry Rojo,10,2019
2019-03-07,V02,18,VAP,Habanero Rojo,0.224,Mix,Heirloom Cherry,10,2019
2019-03-07,V02,18,VAP,Habanero Tangerina,0.256,Mix,Heirloom Cherry,10,2019
2019-03-07,V02,18,VAP,White,0.08,Mix,Heirloom Cherry,10,2019
2019-03-07,V02,22,VAP,Habanero Rojo,0.064,Mix,Heirloom Cherry,10,2019
2019-03-07,V02,22,VAP,Pera Roja,0.416,Mix,Pera Roja,10,2019
2019-03-07,V02,22,VAP,White,0.096,Mix,Heirloom Cherry,10,2019
2019-03-07,V02,26,VAP,Pera Amarilla 2,0.56,Mix,Pera Amarilla,10,2019
2019-03-07,V02,26,VAP,Pera Roja,0.16,Mix,Pera Roja,10,2019
2019-03-07,V02,26,VAP,White,0.096,Mix,Heirloom Cherry,10,2019
2019-03-07,V02,26,VAP,Yellow Suzan,0.336,Mix,Uva Amarilla,10,2019
2019-03-09,V02,13,VAP,Amaí,0.2958,Uva,Uva Roja,10,2019
2019-03-09,V02,13,VAP,Pink,0.1218,Mix,Heirloom Cherry,10,2019
2019-03-09,V02,13,VAP,Tymoty,0.0348,Cherry,Cherry Rojo,10,2019
2019-03-09,V02,13,VAP,Yellow Suzan,0.3132,Mix,Uva Amarilla,10,2019
2019-03-20,N02,14,OAP,Mistral,0.7695,Uva,Uva Roja,12,2019
2019-03-20,N02,19,OAP,Felicity,0.7524,Cherry,Cherry Rojo,12,2019
2019-03-20,N02,19,OAP,Mistral,0.0171,Uva,Uva Roja,12,2019
2019-03-20,N02,22,OAP,Felicity,0.0342,Cherry,Cherry Rojo,12,2019
2019-03-20,N02,22,OAP,Habanero Rojo,0.1197,Mix,Heirloom Cherry,12,2019
2019-03-20,N02,22,OAP,Habanero Tangerina,0.1197,Mix,Heirloom Cherry,12,2019
2019-03-20,N02,22,OAP,Pera Amarilla 2,0.171,Mix,Pera Amarilla,12,2019
2019-03-20,N02,22,OAP,Pera Roja,0.171,Mix,Pera Roja,12,2019
2019-03-20,N02,22,OAP,Yellow Suzan,0.1539,Mix,Uva Amarilla,12,2019
2019-03-21,V02,12,VAP,Amaí,0.3068,Uva,Uva Roja,12,2019
2019-03-21,V02,16,VAP,Amaí,0.6438,Uva,Uva Roja,12,2019
2019-03-21,V02,24,VAP,Amaí,0.231,Uva,Uva Roja,12,2019
2019-03-21,V02,24,VAP,Santawest,0.154,Uva,Uva Roja,12,2019
2019-03-24,V02,12,VAP,Santawest,0.0944,Uva,Uva Roja,12,2019
2019-03-25,N06,51,OSF,Amaí,0.209,Uva,Uva Roja,13,2019
2019-03-25,N06,51,OSF,Amsterdam,0.741,Uva,Uva Roja,13,2019
2019-03-25,V02,46,VAP,Tymoty,0.882,Cherry,Cherry Rojo,13,2019
2019-03-25,V02,47,VAP,Felicity,0.032,Cherry,Cherry Rojo,13,2019
2019-03-25,V02,47,VAP,Tymoty,0.528,Cherry,Cherry Rojo,13,2019
2019-03-25,V02,51,VAP,Yellow Suzan,0.3502,Mix,Uva Amarilla,13,2019
2019-03-25,V02,52,VAP,Santawest,0.496,Uva,Uva Roja,13,2019
2019-03-26,N06,62,OSF,Pera Roja,0.152,Mix,Pera Roja,13,2019
2019-03-26,N06,62,OSF,Tymoty,0.475,Cherry,Cherry Rojo,13,2019
2019-03-26,V02,8,VAP,Habanero Tangerina,0.0384,Mix,Heirloom Cherry,13,2019
2019-03-26,V02,8,VAP,Pera Amarilla 2,0.6144,Mix,Pera Amarilla,13,2019
2019-03-27,S07,6,SFB,Amaí,0.0332,Uva,Uva Roja,13,2019
2019-03-27,S07,6,SFB,Baby Black Plum,0.108,Mix,Heirloom Cherry,13,2019
2019-03-27,S07,6,SFB,Pera Roja,0.1376,Mix,Pera Roja,13,2019
2019-03-27,S07,6,SFB,Tymoty,0.32,Cherry,Cherry Rojo,13,2019
2019-03-28,S07,7,SFB,Amaí,0.32,Uva,Uva Roja,13,2019
2019-03-28,S07,7,SFB,Amaí,0.3784,Uva,Uva Roja,13,2019
2019-03-28,S07,8,SFB,Felicity,0.3476,Cherry,Cherry Rojo,13,2019
2019-03-28,S07,8,SFB,Habanero Rojo,0.1264,Mix,Heirloom Cherry,13,2019
2019-03-28,S07,8,SFB,Mistral,0.5056,Uva,Uva Roja,13,2019
2019-03-28,S07,8,SFB,Yellow Jelly Bean,0.1208,Mix,Uva Amarilla,13,2019
2019-03-28,S07,8,SFB,Yellow Suzan,0.0906,Mix,Uva Amarilla,13,2019
2019-03-28,S07,9,SFB,Pera Amarilla 2,0.168,Mix,Pera Amarilla,13,2019
2019-03-28,S07,9,SFB,White,0.126,Mix,Heirloom Cherry,13,2019
2019-03-28,S28,3,SAB,Habanero Rojo,0.2,Mix,Heirloom Cherry,13,2019
2019-03-28,S28,3,SAB,Mistral,1.2,Uva,Uva Roja,13,2019
2019-03-28,S28,3,SAB,Pink,0.3,Mix,Heirloom Cherry,13,2019
2019-03-28,S28,4,SAB,Habanero Rojo,0.2,Mix,Heirloom Cherry,13,2019
2019-03-28,S28,4,SAB,Habanero Tangerina,0.2,Mix,Heirloom Cherry,13,2019
2019-03-28,S28,4,SAB,Habanero Tangerina,0.54,Mix,Heirloom Cherry,13,2019
2019-03-28,S28,4,SAB,Pera Amarilla 2,0.2,Mix,Pera Amarilla,13,2019
2019-03-28,S28,4,SAB,Pera Roja,0.44,Mix,Pera Roja,13,2019
2019-03-29,V02,9,VAP,Felicity,0.171,Cherry,Cherry Rojo,13,2019
2019-03-29,V02,9,VAP,Habanero Rojo,0.19,Mix,Heirloom Cherry,13,2019
2019-03-29,V02,9,VAP,Habanero Tangerina,0.19,Mix,Heirloom Cherry,13,2019
2019-03-29,V02,9,VAP,Pink,0.076,Mix,Heirloom Cherry,13,2019
2019-03-29,V02,9,VAP,Yellow Suzan,0.076,Mix,Uva Amarilla,13,2019
2019-03-30,V02,9,VAP,Tangerina Grape,0.133,Mix,Heirloom Cherry,13,2019
2019-03-30,V02,25,VAP,Pera Roja,0.324,Mix,Pera Roja,13,2019
2019-04-03,V02,25,VAP,Annamay,0.2106,Cherry,Cherry Rojo,14,2019
2019-04-03,V02,25,VAP,Indigo,0.1944,Mix,Heirloom Cherry,14,2019
2019-04-04,S01,6,SAB,Felicity,0.58,Cherry,Cherry Rojo,14,2019
2019-04-04,S01,7,SAB,Felicity,0.32,Cherry,Cherry Rojo,14,2019
2019-04-05,S28,2,SAB,Baby Black Plum,0.12,Mix,Heirloom Cherry,14,2019
2019-04-05,S28,2,SAB,Felicity,0.46,Cherry,Cherry Rojo,14,2019
2019-04-18,V02,17,VAP,Amaí,0.081,Uva,Uva Roja,16,2019
2019-04-18,V02,17,VAP,Habanero Rojo,0.162,Mix,Heirloom Cherry,16,2019
2019-04-18,V02,17,VAP,Pera Roja,0.0324,Mix,Pera Roja,16,2019
2019-04-18,V02,17,VAP,Santawest,0.0324,Uva,Uva Roja,16,2019
2019-04-18,V02,17,VAP,Tymoty,0.0648,Cherry,Cherry Rojo,16,2019
2019-04-18,V02,21,VAP,Habanero Rojo,0.1296,Mix,Heirloom Cherry,16,2019
2019-04-18,V02,21,VAP,Pera Amarilla 2,0.0324,Mix,Pera Amarilla,16,2019
2019-04-18,V02,21,VAP,Pink,0.081,Mix,Heirloom Cherry,16,2019
2019-04-18,V02,21,VAP,White,0.2268,Mix,Heirloom Cherry,16,2019
2019-04-18,V02,21,VAP,Yellow Suzan,0.0648,Mix,Uva Amarilla,16,2019
2019-04-26,S07,6,SFB,Pera Amarilla 2,0.068,Mix,Pera Amarilla,17,2019
2019-04-26,S07,6,SFB,Pera Roja,0.051,Mix,Pera Roja,17,2019
2019-04-26,S07,11,SFB,Amsterdam,0.322,Uva,Uva Roja,17,2019
2019-04-26,S07,11,SFB,Amsterdam,0.414,Uva,Uva Roja,17,2019
2019-04-26,S07,11,SFB,Baby Black Plum,0.046,Mix,Heirloom Cherry,17,2019
2019-04-26,S07,11,SFB,Habanero Tangerina,0.138,Mix,Heirloom Cherry,17,2019
2019-04-26,S07,11,SFB,Indigo,0.046,Mix,Heirloom Cherry,17,2019
2019-04-26,S07,11,SFB,Pink,0.138,Mix,Heirloom Cherry,17,2019
2019-04-26,S07,11,SFB,White,0.138,Mix,Heirloom Cherry,17,2019
2019-04-26,S07,12,SFB,Amsterdam,0.104,Uva,Uva Roja,17,2019
2019-04-26,S07,12,SFB,Pera Roja,0.026,Mix,Pera Roja,17,2019
2019-04-29,V02,17,VAP,Dolly,0.2592,Mix,Uva Amarilla,18,2019
2019-05-01,N05,15,SAB,Black Pear,0.08,Mix,Heirloom Cherry,18,2019
2019-05-01,N05,15,SAB,Habanero Rojo,0.22,Mix,Heirloom Cherry,18,2019
2019-05-01,N05,15,SAB,Habanero Tangerina,0.18,Mix,Heirloom Cherry,18,2019
2019-05-01,N05,15,SAB,Pink,0.08,Mix,Heirloom Cherry,18,2019
2019-05-01,N05,15,SAB,Tangerina Grape,0.14,Mix,Heirloom Cherry,18,2019
2019-05-01,N05,15,SAB,White,0.08,Mix,Heirloom Cherry,18,2019
2019-05-01,N05,16,SAB,Black Pear,0.02,Mix,Heirloom Cherry,18,2019
2019-05-01,N05,16,SAB,Pera Amarilla 2,0.24,Mix,Pera Amarilla,18,2019
2019-05-01,N05,16,SAB,Pera Roja,0.26,Mix,Pera Roja,18,2019
2019-05-01,N05,16,SAB,Tangerina Grape,0.16,Mix,Heirloom Cherry,18,2019
2019-05-01,N05,17,SAB,Amsterdam,0.58,Uva,Uva Roja,18,2019
2019-05-01,N05,17,SAB,Pera Amarilla 2,0.1,Mix,Pera Amarilla,18,2019
2019-05-01,N05,17,SAB,Santawest,0.08,Uva,Uva Roja,18,2019
2019-05-01,N05,18,SAB,Amsterdam,0.8,Uva,Uva Roja,18,2019
2019-05-01,N05,19,SAB,Amsterdam,0.82,Uva,Uva Roja,18,2019
2019-05-02,N06,33,OSF,Amsterdam,1.387,Uva,Uva Roja,18,2019
2019-05-02,N06,33,OSF,Habanero Tangerina,0.038,Mix,Heirloom Cherry,18,2019
2019-05-02,N06,33,OSF,Pera Amarilla 2,0.209,Mix,Pera Amarilla,18,2019
2019-05-02,N06,33,OSF,Pera Roja,0.209,Mix,Pera Roja,18,2019
2019-05-02,N06,33,OSF,Tymoty,0.855,Cherry,Cherry Rojo,18,2019
2019-05-03,N05,13,SAB,Felicity,0.48,Cherry,Cherry Rojo,18,2019
2019-05-03,N05,13,SAB,Tymoty,0.32,Cherry,Cherry Rojo,18,2019
2019-05-11,N02,9,OAP,Habanero Rojo,0.144,Mix,Heirloom Cherry,19,2019
2019-05-11,N02,9,OAP,Habanero Tangerina,0.126,Mix,Heirloom Cherry,19,2019
2019-05-11,N02,9,OAP,Honey Bunch,0.396,Mix,Uva Amarilla,19,2019
2019-05-11,N02,9,OAP,Pera Roja,0.252,Mix,Pera Roja,19,2019
2019-05-11,N02,9,OAP,Pink,0.108,Mix,Heirloom Cherry,19,2019
2019-05-11,N02,16,OAP,Amsterdam,0.054,Uva,Uva Roja,19,2019
2019-05-11,N02,16,OAP,Felicity,0.324,Cherry,Cherry Rojo,19,2019
2019-05-11,N02,16,OAP,Tymoty,0.666,Cherry,Cherry Rojo,19,2019
2019-05-11,N02,17,OAP,Amsterdam,1.044,Uva,Uva Roja,19,2019
2019-05-13,N05,14,SAB,Tymoty,0.72,Cherry,Cherry Rojo,20,2019
2019-05-16,N05,12,SAB,Pera Amarilla 2,0.74,Mix,Pera Amarilla,20,2019
2019-05-21,S21,1,SFB,Amaí,0.157,Uva,Uva Roja,21,2019
2019-05-21,S21,1,SFB,Habanero Rojo,0.157,Mix,Heirloom Cherry,21,2019
2019-05-21,S21,1,SFB,Habanero Tangerina,0.1256,Mix,Heirloom Cherry,21,2019
2019-05-21,S21,1,SFB,Indigo,0.0314,Mix,Heirloom Cherry,21,2019
2019-05-21,S21,1,SFB,Mistral,0.18,Uva,Uva Roja,21,2019
2019-05-21,S21,1,SFB,Mistral,0.4082,Uva,Uva Roja,21,2019
2019-05-21,S21,1,SFB,White,0.1256,Mix,Heirloom Cherry,21,2019
2019-05-23,N05,55,SAB,Amaí,0.22,Uva,Uva Roja,21,2019
2019-05-24,N06,26,OSF,Habanero Rojo,0.228,Mix,Heirloom Cherry,21,2019
2019-05-24,N06,26,OSF,Habanero Tangerina,0.19,Mix,Heirloom Cherry,21,2019
2019-05-24,N06,26,OSF,Pera Amarilla 2,0.19,Mix,Pera Amarilla,21,2019
2019-05-24,N06,26,OSF,Pera Roja,0.209,Mix,Pera Roja,21,2019
2019-05-24,N06,26,OSF,Tymoty,0.209,Cherry,Cherry Rojo,21,2019
2019-05-24,N06,27,OSF,Indigo,0.019,Mix,Heirloom Cherry,21,2019
2019-05-24,N06,27,OSF,Pink,0.228,Mix,Heirloom Cherry,21,2019
2019-05-24,N06,27,OSF,White,0.247,Mix,Heirloom Cherry,21,2019
2019-05-24,N06,27,OSF,Yellow Suzan,0.418,Mix,Uva Amarilla,21,2019
2019-05-24,N06,52,OSF,Amsterdam,1.026,Uva,Uva Roja,21,2019
2019-05-24,N06,61,OSF,Amaí,0.0684,Uva,Uva Roja,21,2019
2019-05-24,N06,61,OSF,Amsterdam,0.285,Uva,Uva Roja,21,2019
2019-05-24,N06,61,OSF,Tymoty,0.665,Cherry,Cherry Rojo,21,2019
2019-05-24,S07,12,SFB,Tymoty,0.252,Cherry,Cherry Rojo,21,2019
2019-05-24,S12,11,SFB,Amsterdam,0.126,Uva,Uva Roja,21,2019
2019-05-24,S12,12,SFB,Amsterdam,0.168,Uva,Uva Roja,21,2019
2019-05-24,S12,12,SFB,Tymoty,0.252,Cherry,Cherry Rojo,21,2019
2019-05-25,N02,8,OAP,Amaí,0.216,Uva,Uva Roja,21,2019
2019-05-25,N02,8,OAP,Amsterdam,0.396,Uva,Uva Roja,21,2019
2019-05-25,N02,8,OAP,Mistral,0.432,Uva,Uva Roja,21,2019
2019-05-25,N06,42,OAP,Amsterdam,0.96,Uva,Uva Roja,21,2019
2019-05-25,V02,35,VAP,Amaí,0.228,Uva,Uva Roja,21,2019
2019-05-28,N02,2,OAP,Dolly,0.324,Mix,Uva Amarilla,22,2019
2019-05-28,N02,2,OAP,Honey Bunch,0.306,Mix,Uva Amarilla,22,2019
2019-05-28,N02,2,OAP,Pera Amarilla 2,0.342,Mix,Pera Amarilla,22,2019
2019-05-28,N02,2,OAP,Pera Roja,0.234,Mix,Pera Roja,22,2019
2019-05-28,N02,2,OAP,White,0.09,Mix,Heirloom Cherry,22,2019
2019-06-03,N06,39,OAP,Felicity,0.846,Cherry,Cherry Rojo,23,2019
2019-06-03,N06,40,OAP,Felicity,0.216,Cherry,Cherry Rojo,23,2019
2019-06-03,N06,40,OAP,Mistral,0.504,Uva,Uva Roja,23,2019
2019-06-03,N06,40,OAP,Tymoty,0.09,Cherry,Cherry Rojo,23,2019
2019-06-03,N06,41,OAP,Habanero Rojo,0.126,Mix,Heirloom Cherry,23,2019
2019-06-03,N06,41,OAP,Habanero Tangerina,0.126,Mix,Heirloom Cherry,23,2019
2019-06-03,N06,41,OAP,Pera Amarilla 2,0.198,Mix,Pera Amarilla,23,2019
2019-06-03,N06,41,OAP,Pink,0.144,Mix,Heirloom Cherry,23,2019
2019-06-03,N06,41,OAP,Tangerina Grape,0.162,Mix,Heirloom Cherry,23,2019
2019-06-03,N06,41,OAP,White,0.108,Mix,Heirloom Cherry,23,2019
2019-06-06,N02,54,OAP,Amsterdam,0.42,Uva,Uva Roja,23,2019
2019-06-06,N02,54,OAP,Honey Bunch,0.22,Mix,Uva Amarilla,23,2019
2019-06-06,N02,54,OAP,Pera Amarilla 2,0.04,Mix,Pera Amarilla,23,2019
2019-06-06,N02,54,OAP,Pera Roja,0.3,Mix,Pera Roja,23,2019
2019-06-06,N07,59,OAP,Amsterdam,0.86,Uva,Uva Roja,23,2019
2019-06-07,N05,56,SAB,Felicity,0.08,Cherry,Cherry Rojo,23,2019
2019-06-07,N05,56,SAB,Habanero Tangerina,0.12,Mix,Heirloom Cherry,23,2019
2019-06-07,N05,56,SAB,Habanero Tangerina,0.24,Mix,Heirloom Cherry,23,2019
2019-06-07,N05,56,SAB,Tymoty,0.6,Cherry,Cherry Rojo,23,2019
2019-06-07,N05,56,SAB,Yellow Suzan,0.22,Mix,Uva Amarilla,23,2019
2019-06-07,N05,57,SAB,Amaí,0.34,Uva,Uva Roja,23,2019
2019-06-07,N05,64,SAB,Felicity,0.32,Cherry,Cherry Rojo,23,2019
2019-06-07,N05,65,SAB,Habanero Rojo,0.18,Mix,Heirloom Cherry,23,2019
2019-06-07,N05,65,SAB,Habanero Rojo,0.2,Mix,Heirloom Cherry,23,2019
2019-06-07,N05,65,SAB,Santawest,0.16,Uva,Uva Roja,23,2019
2019-06-07,N05,65,SAB,Tangerina Grape,0.2,Mix,Heirloom Cherry,23,2019
2019-06-11,S21,2,SFB,Baby Black Plum,0.1086,Mix,Heirloom Cherry,24,2019
2019-06-11,S21,2,SFB,Felicity,1.086,Cherry,Cherry Rojo,24,2019
2019-06-11,S21,2,SFB,Habanero Rojo,0.2534,Mix,Heirloom Cherry,24,2019
2019-06-11,S21,2,SFB,Pera Amarilla 2,0.1086,Mix,Pera Amarilla,24,2019
2019-06-11,S21,2,SFB,Pera Roja,0.1448,Mix,Pera Roja,24,2019
2019-06-11,S21,2,SFB,Pink,0.1448,Mix,Heirloom Cherry,24,2019
2019-06-11,S21,2,SFB,Tangerina Grape,0.1086,Mix,Heirloom Cherry,24,2019
2019-06-13,N06,28,OSF,Amsterdam,1.007,Uva,Uva Roja,24,2019
2019-06-13,N06,29,OSF,Felicity,0.152,Cherry,Cherry Rojo,24,2019
2019-06-13,N06,29,OSF,Tymoty,0.608,Cherry,Cherry Rojo,24,2019
2019-06-13,N06,30,OSF,Habanero Rojo,0.171,Mix,Heirloom Cherry,24,2019
2019-06-13,N06,30,OSF,Honey Bunch,0.209,Mix,Uva Amarilla,24,2019
2019-06-13,N06,30,OSF,Pera Amarilla 2,0.19,Mix,Pera Amarilla,24,2019
2019-06-13,N06,30,OSF,Pera Roja,0.133,Mix,Pera Roja,24,2019
2019-06-13,N06,30,OSF,Pink,0.171,Mix,Heirloom Cherry,24,2019
2019-06-13,N06,30,OSF,White,0.19,Mix,Heirloom Cherry,24,2019
2019-06-14,N02,56,OAP,Felicity,0.72,Cherry,Cherry Rojo,24,2019
2019-06-14,N02,56,OAP,Tymoty,0.16,Cherry,Cherry Rojo,24,2019
2019-06-14,N07,55,OAP,Amaí,0.12,Uva,Uva Roja,24,2019
2019-06-14,N07,55,OAP,Mistral,0.9,Uva,Uva Roja,24,2019
2019-06-14,N07,57,OAP,Indigo,0.144,Mix,Heirloom Cherry,24,2019
2019-06-14,N07,57,OAP,Pera Amarilla 2,0.12,Mix,Pera Amarilla,24,2019
2019-06-14,N07,57,OAP,Pera Roja,0.234,Mix,Pera Roja,24,2019
2019-06-14,N07,57,OAP,Pink,0.16,Mix,Heirloom Cherry,24,2019
2019-06-14,N07,58,OAP,Mistral,0.918,Uva,Uva Roja,24,2019
2019-06-14,S08,2,SFB,Amsterdam,0.522,Uva,Uva Roja,24,2019
2019-06-19,N02,64,OAP,Honey Bunch,0.1,Mix,Uva Amarilla,25,2019
2019-06-19,N02,64,OAP,Mistral,0.14,Uva,Uva Roja,25,2019
2019-06-19,N02,64,OAP,Pera Amarilla 2,0.2,Mix,Pera Amarilla,25,2019
2019-06-19,N02,64,OAP,Tymoty,0.04,Cherry,Cherry Rojo,25,2019
2019-06-19,N02,64,OAP,White,0.08,Mix,Heirloom Cherry,25,2019
2019-06-20,N05,66,SAB,Habanero Rojo,0.22,Mix,Heirloom Cherry,25,2019
2019-06-20,N05,67,SAB,Amaí,0.94,Uva,Uva Roja,25,2019
2019-06-20,N05,74,SAB,Amaí,0.94,Uva,Uva Roja,25,2019
2019-06-20,N05,75,SAB,Amaí,1.14,Uva,Uva Roja,25,2019
2019-06-21,N06,31,OSF,Amsterdam,1.216,Uva,Uva Roja,25,2019
2019-06-21,N06,37,OSF,Amsterdam,0.874,Uva,Uva Roja,25,2019
2019-06-22,N06,48,OSF,Habanero Rojo,0.133,Mix,Heirloom Cherry,25,2019
2019-06-22,N06,48,OSF,Habanero Tangerina,0.228,Mix,Heirloom Cherry,25,2019
2019-06-22,N06,48,OSF,Honey Bunch,0.133,Mix,Uva Amarilla,25,2019
2019-06-22,N06,48,OSF,Pera Amarilla 2,0.133,Mix,Pera Amarilla,25,2019
2019-06-22,N06,48,OSF,Pera Roja,0.095,Mix,Pera Roja,25,2019
2019-06-22,N06,48,OSF,White,0.171,Mix,Heirloom Cherry,25,2019
2019-06-24,N02,15,OAP,Habanero Tangerina,0.24,Mix,Heirloom Cherry,26,2019
2019-06-24,N02,15,OAP,Pera Amarilla 2,0.3,Mix,Pera Amarilla,26,2019
2019-06-24,N02,15,OAP,White,0.2,Mix,Heirloom Cherry,26,2019
2019-06-24,N02,18,OAP,Amsterdam,0.74,Uva,Uva Roja,26,2019
2019-06-24,N02,23,OAP,Tymoty,0.74,Cherry,Cherry Rojo,26,2019
2019-06-25,N06,63,OSF,Amsterdam,0.076,Uva,Uva Roja,26,2019
2019-06-25,N06,63,OSF,Felicity,0.171,Cherry,Cherry Rojo,26,2019
2019-06-25,N06,63,OSF,Honey Bunch,0.209,Mix,Uva Amarilla,26,2019
2019-06-25,N06,63,OSF,Pera Amarilla 2,0.209,Mix,Pera Amarilla,26,2019
2019-06-25,N06,63,OSF,Pera Roja,0.171,Mix,Pera Roja,26,2019
2019-06-25,N06,63,OSF,Pink,0.057,Mix,Heirloom Cherry,26,2019
2019-06-25,N06,63,OSF,Tangerina Grape,0.133,Mix,Heirloom Cherry,26,2019
2019-06-27,N02,13,OAP,Amsterdam,0.846,Uva,Uva Roja,26,2019
2019-06-27,N02,20,OAP,Felicity,0.846,Cherry,Cherry Rojo,26,2019
2019-06-27,N07,20,OAP,Felicity,0.846,Cherry,Cherry Rojo,26,2019
2019-07-05,N02,7,OAP,Habanero Rojo,0.32,Mix,Heirloom Cherry,27,2019
2019-07-05,N02,7,OAP,Honey Bunch,0.04,Mix,Uva Amarilla,27,2019
2019-07-05,N02,7,OAP,White,0.04,Mix,Heirloom Cherry,27,2019
2019-07-05,N02,10,OAP,Honey Bunch,0.2,Mix,Uva Amarilla,27,2019
2019-07-05,N02,10,OAP,Pera Roja,0.52,Mix,Pera Roja,27,2019
2019-07-05,N02,21,OAP,Amaí,0.06,Uva,Uva Roja,27,2019
2019-07-05,N02,21,OAP,Amsterdam,0.396,Uva,Uva Roja,27,2019
2019-07-05,N02,21,OAP,Pera Amarilla 2,0.2,Mix,Pera Amarilla,27,2019
2019-07-05,N02,21,OAP,Pink,0.18,Mix,Heirloom Cherry,27,2019
2019-07-08,V02,6,VAP,Amaí,0.3072,Uva,Uva Roja,28,2019
2019-07-08,V02,6,VAP,Santawest,0.2304,Uva,Uva Roja,28,2019
2019-07-08,V02,6,VAP,Tymoty,0.3328,Cherry,Cherry Rojo,28,2019
2019-07-08,V02,7,VAP,Felicity,0.0432,Cherry,Cherry Rojo,28,2019
2019-07-08,V02,7,VAP,Habanero Rojo,0.108,Mix,Heirloom Cherry,28,2019
2019-07-08,V02,7,VAP,Habanero Tangerina,0.1296,Mix,Heirloom Cherry,28,2019
2019-07-08,V02,7,VAP,Pink,0.1728,Mix,Heirloom Cherry,28,2019
2019-07-08,V02,7,VAP,Tangerina Grape,0.108,Mix,Heirloom Cherry,28,2019
2019-07-08,V02,7,VAP,Yellow Suzan,0.1944,Mix,Uva Amarilla,28,2019
2019-07-08,V02,11,VAP,Felicity,0.4074,Cherry,Cherry Rojo,28,2019
2019-07-08,V02,11,VAP,Tymoty,0.1358,Cherry,Cherry Rojo,28,2019
2019-07-09,S08,1,SFB,Amaí,0.945,Uva,Uva Roja,28,2019
2019-07-09,S08,3,SFB,Amsterdam,0.68,Uva,Uva Roja,28,2019
2019-07-09,S12,11,SFB,Amsterdam,0.105,Uva,Uva Roja,28,2019
2019-07-12,S05,4,SFB,Felicity,0.46,Cherry,Cherry Rojo,28,2019
2019-07-12,S05,4,SFB,Habanero Tangerina,0.22,Mix,Heirloom Cherry,28,2019
2019-07-12,S05,4,SFB,Tymoty,0.12,Cherry,Cherry Rojo,28,2019
2019-07-12,S05,5,SFB,Felicity,0.46,Cherry,Cherry Rojo,28,2019
2019-07-12,S05,5,SFB,Habanero Tangerina,0.22,Mix,Heirloom Cherry,28,2019
2019-07-12,S05,5,SFB,Tymoty,0.12,Cherry,Cherry Rojo,28,2019
2019-07-12,S05,11,SFB,Habanero Rojo,0.0804,Mix,Heirloom Cherry,28,2019
2019-07-12,S05,11,SFB,Pink,0.1608,Mix,Heirloom Cherry,28,2019
2019-07-12,S05,11,SFB,Tangerina Grape,0.1072,Mix,Heirloom Cherry,28,2019
2019-07-13,V02,33,VAP,Santawest,0.7248,Uva,Uva Roja,28,2019
2019-07-13,V02,34,VAP,Pera Amarilla 2,0.35,Mix,Pera Amarilla,28,2019
2019-07-13,V02,37,VAP,Pera Roja,0.364,Mix,Pera Roja,28,2019
2019-07-18,V02,35,VAP,Felicity,0.3648,Cherry,Cherry Rojo,29,2019
2019-07-18,V02,38,VAP,Felicity,0.0138,Cherry,Cherry Rojo,29,2019
2019-07-18,V02,38,VAP,Tymoty,0.3864,Cherry,Cherry Rojo,29,2019
2019-07-18,V02,39,VAP,Tymoty,0.3792,Cherry,Cherry Rojo,29,2019
2019-07-18,V02,40,VAP,Tymoty,0.4896,Cherry,Cherry Rojo,29,2019
2019-07-18,V02,41,VAP,Amaí,0.616,Uva,Uva Roja,29,2019
2019-07-18,V02,44,VAP,Amaí,0.3388,Uva,Uva Roja,29,2019
2019-07-19,V02,42,VAP,Amaí,0.5624,Uva,Uva Roja,29,2019
2019-07-19,V02,42,VAP,Santawest,0.0608,Uva,Uva Roja,29,2019
2019-07-19,V02,43,VAP,Santawest,0.2552,Uva,Uva Roja,29,2019
2019-07-22,V02,36,VAP,Habanero Rojo,0.23,Mix,Heirloom Cherry,30,2019
2019-07-22,V02,36,VAP,Habanero Tangerina,0.253,Mix,Heirloom Cherry,30,2019
2019-07-22,V02,36,VAP,Honey Bunch,0.23,Mix,Uva Amarilla,30,2019
2019-07-22,V02,36,VAP,Pera Roja,0.23,Mix,Pera Roja,30,2019
2019-07-22,V02,36,VAP,Pink,0.046,Mix,Heirloom Cherry,30,2019
2019-07-22,V02,36,VAP,Tangerina Grape,0.161,Mix,Heirloom Cherry,30,2019
2019-07-22,V02,36,VAP,White,0.207,Mix,Heirloom Cherry,30,2019
2019-07-22,V02,36,VAP,Yellow Suzan,0.115,Mix,Uva Amarilla,30,2019
2019-07-22,V02,45,VAP,Pera Amarilla 2,0.424,Mix,Pera Amarilla,30,2019
2019-07-22,V02,45,VAP,Pera Roja,0.1272,Mix,Pera Roja,30,2019
2019-07-25,S05,14,SFB,Honey Bunch,0.2412,Mix,Uva Amarilla,30,2019
2019-07-25,S05,14,SFB,Pera Amarilla 2,0.2214,Mix,Pera Amarilla,30,2019
2019-07-25,S05,14,SFB,Pera Roja,0.2144,Mix,Pera Roja,30,2019
2019-07-25,S05,14,SFB,White,0.1476,Mix,Heirloom Cherry,30,2019
2019-07-31,S07,2,SFB,Amsterdam,0.28,Uva,Uva Roja,31,2019
2019-08-09,Z18,7,ZJL,Mistral,1.155,Uva,Uva Roja,32,2019
2019-08-09,Z18,8,ZJL,Mistral,0.75,Uva,Uva Roja,32,2019
2019-08-10,Z18,8,ZJL,Felicity,0.375,Cherry,Cherry Rojo,32,2019
2019-08-10,Z18,9,ZJL,Felicity,0.51,Cherry,Cherry Rojo,32,2019
2019-08-10,Z18,9,ZJL,Habanero Rojo,0.12,Mix,Heirloom Cherry,32,2019
2019-08-10,Z18,9,ZJL,Habanero Tangerina,0.135,Mix,Heirloom Cherry,32,2019
2019-08-10,Z18,9,ZJL,Pera Amarilla 2,0.12,Mix,Pera Amarilla,32,2019
2019-08-10,Z18,9,ZJL,Tangerina Grape,0.12,Mix,Heirloom Cherry,32,2019
2019-08-10,Z18,9,ZJL,White,0.12,Mix,Heirloom Cherry,32,2019
2019-08-16,S17,6,SAB,Felicity,0.62,Cherry,Cherry Rojo,33,2019
2019-08-16,S17,8,SAB,Tymoty,0.2,Cherry,Cherry Rojo,33,2019
2019-08-16,S17,9,SAB,Yellow Suzan,0.48,Mix,Uva Amarilla,33,2019
2019-08-16,S17,11,SAB,Habanero Rojo,0.2,Mix,Heirloom Cherry,33,2019
2019-08-16,S17,11,SAB,Habanero Tangerina,0.38,Mix,Heirloom Cherry,33,2019
2019-08-16,S17,11,SAB,Honey Bunch,0.18,Mix,Uva Amarilla,33,2019
2019-08-16,S17,11,SAB,Pera Roja,0.3,Mix,Pera Roja,33,2019
2019-08-16,S17,12,SAB,Pera Amarilla 2,0.34,Mix,Pera Amarilla,33,2019
2019-08-20,V02,30,VAP,Amsterdam,0.0216,Uva,Uva Roja,34,2019
2019-08-20,V02,30,VAP,Mistral,0.0216,Uva,Uva Roja,34,2019
2019-08-20,V02,30,VAP,Pera Amarilla 2,0.0324,Mix,Pera Amarilla,34,2019
2019-08-20,V02,30,VAP,Tymoty,0.0216,Cherry,Cherry Rojo,34,2019
2019-08-20,V02,30,VAP,Yellow Suzan,0.0648,Mix,Uva Amarilla,34,2019
2019-08-26,Z18,5,ZJL,Mistral,1.125,Uva,Uva Roja,35,2019
2019-08-26,Z18,10,ZJL,Habanero Rojo,0.105,Mix,Heirloom Cherry,35,2019
2019-08-26,Z18,10,ZJL,Habanero Tangerina,0.09,Mix,Heirloom Cherry,35,2019
2019-08-26,Z18,10,ZJL,Honey Bunch,0.12,Mix,Uva Amarilla,35,2019
2019-08-26,Z18,10,ZJL,Pera Amarilla 2,0.105,Mix,Pera Amarilla,35,2019
2019-08-26,Z18,10,ZJL,Pera Roja,0.165,Mix,Pera Roja,35,2019
2019-08-26,Z18,10,ZJL,Pink,0.18,Mix,Heirloom Cherry,35,2019
2019-08-26,Z18,10,ZJL,Tangerina Grape,0.075,Mix,Heirloom Cherry,35,2019
2019-08-27,Z18,10,ZJL,White,0.135,Mix,Heirloom Cherry,35,2019
2019-08-27,Z18,10,ZJL,Yellow Suzan,0.12,Mix,Uva Amarilla,35,2019
2019-08-29,Z18,2,ZJL,Felicity,0.12,Cherry,Cherry Rojo,35,2019
2019-08-29,Z18,2,ZJL,Tymoty,0.15,Cherry,Cherry Rojo,35,2019
2019-08-29,Z18,6,ZJL,Mistral,0.615,Uva,Uva Roja,35,2019
2019-08-29,Z18,6,ZJL,Tymoty,0.51,Cherry,Cherry Rojo,35,2019
2019-09-07,V02,31,VAP,Honey Bunch,0.162,Mix,Uva Amarilla,36,2019
2019-09-07,V02,31,VAP,Pera Roja,0.072,Mix,Pera Roja,36,2019
2019-09-07,V02,31,VAP,Pink,0.09,Mix,Heirloom Cherry,36,2019
2019-09-07,V02,31,VAP,Santawest,0.144,Uva,Uva Roja,36,2019
2019-09-07,V02,31,VAP,White,0.324,Mix,Heirloom Cherry,36,2019
2019-09-07,V02,31,VAP,Yellow Suzan,0.126,Mix,Uva Amarilla,36,2019
2019-09-25,Z18,2,ZJL,Mistral,0.225,Uva,Uva Roja,39,2019
2019-09-25,Z18,2,ZJL,Pera Roja,0.285,Mix,Pera Roja,39,2019
2019-09-25,Z18,2,ZJL,Tymoty,0.18,Cherry,Cherry Rojo,39,2019
2019-09-25,Z18,2,ZJL,White,0.06,Mix,Heirloom Cherry,39,2019
2020-02-18,Z17,2,ZJL,Mistral,0.7875,Uva,Uva Roja,8,2020
2020-02-19,Z17,3,ZJL,Honey Bunch,0.0563,Mix,Uva Amarilla,8,2020
2020-02-19,Z17,3,ZJL,Mistral,0.6863,Uva,Uva Roja,8,2020
2020-02-19,Z17,3,ZJL,Pink,0.1013,Mix,Heirloom Cherry,8,2020
2020-02-21,Z18,1,ZJL,Tymoty,0.8325,Cherry,Cherry Rojo,8,2020
2020-02-22,Z18,2,ZJL,Habanero Tangerina,0.1013,Mix,Heirloom Cherry,8,2020
2020-02-22,Z18,2,ZJL,Pera Amarilla 2,0.0675,Mix,Pera Amarilla,8,2020
2020-02-22,Z18,2,ZJL,Pera Roja,0.0563,Mix,Pera Roja,8,2020
2020-02-22,Z18,2,ZJL,Tangerina Grape,0.0563,Mix,Heirloom Cherry,8,2020
2020-02-22,Z18,2,ZJL,Tymoty,0.0675,Cherry,Cherry Rojo,8,2020
2020-02-22,Z18,2,ZJL,White,0.1013,Mix,Heirloom Cherry,8,2020
2020-03-06,V02,12,VAP,Tymoty,0.2784,Cherry,Cherry Rojo,10,2020
2020-03-06,V02,13,VAP,Tymoty,0.7308,Cherry,Cherry Rojo,10,2020
2020-03-06,V02,14,VAP,Felicity,0.5883,Cherry,Cherry Rojo,10,2020
2020-03-06,V02,14,VAP,Tymoty,0.0795,Cherry,Cherry Rojo,10,2020
2020-03-06,V02,15,VAP,Pera Amarilla 2,0.1944,Mix,Pera Amarilla,10,2020
2020-03-06,V02,15,VAP,Pera Roja,0.324,Mix,Pera Roja,10,2020
2020-03-06,V02,19,VAP,Amaí,0.3712,Uva,Uva Roja,10,2020
2020-03-06,V02,23,VAP,Amaí,0.5658,Uva,Uva Roja,10,2020
2020-03-06,V02,27,VAP,Amaí,0.9424,Uva,Uva Roja,10,2020
2020-03-06,V02,28,VAP,Amaí,0.64,Uva,Uva Roja,10,2020
2020-03-09,V02,12,VAP,Mistral,0.116,Uva,Uva Roja,11,2020
2020-03-09,V02,12,VAP,Santawest,0.116,Uva,Uva Roja,11,2020
2020-03-09,V02,16,VAP,Habanero Rojo,0.2519,Mix,Heirloom Cherry,11,2020
2020-03-09,V02,16,VAP,Habanero Tangerina,0.0687,Mix,Heirloom Cherry,11,2020
2020-03-09,V02,16,VAP,Honey Bunch,0.4351,Mix,Uva Amarilla,11,2020
2020-03-09,V02,16,VAP,Santawest,0.0229,Uva,Uva Roja,11,2020
2020-03-09,V02,16,VAP,Tangerina Grape,0.0687,Mix,Heirloom Cherry,11,2020
2020-03-09,V02,20,VAP,Pera Amarilla 2,0.1792,Mix,Pera Amarilla,11,2020
2020-03-09,V02,20,VAP,Pink,0.1792,Mix,Heirloom Cherry,11,2020
2020-03-09,V02,20,VAP,White,0.112,Mix,Heirloom Cherry,11,2020
2020-03-28,V02,16,VAP,Tangerina Grape,0.0458,Mix,Heirloom Cherry,13,2020
2020-03-28,V02,20,VAP,Habanero Tangerina,0.067,Mix,Heirloom Cherry,13,2020
2020-03-28,V02,20,VAP,Pink,0.224,Mix,Heirloom Cherry,13,2020
2020-03-28,V02,20,VAP,White,0.1344,Mix,Heirloom Cherry,13,2020
2020-03-28,V02,24,VAP,Habanero Tangerina,0.0268,Mix,Heirloom Cherry,13,2020
2020-03-28,V02,24,VAP,Mistral,0.402,Uva,Uva Roja,13,2020
2020-03-28,V02,24,VAP,Tangerina Grape,0.0804,Mix,Heirloom Cherry,13,2020
2020-03-31,V02,2,VAP,Pera Amarilla 2,0.33,Mix,Pera Amarilla,14,2020
2020-03-31,V02,2,VAP,Pera Roja,0.594,Mix,Pera Roja,14,2020
2020-04-01,V02,3,VAP,Habanero Rojo,0.2546,Mix,Heirloom Cherry,14,2020
2020-04-01,V02,3,VAP,Honey Bunch,0.134,Mix,Uva Amarilla,14,2020
2020-04-01,V02,3,VAP,Pera Amarilla 2,0.0134,Mix,Pera Amarilla,14,2020
2020-04-01,V02,3,VAP,Yellow Suzan,0.0938,Mix,Uva Amarilla,14,2020
2020-04-02,N06,28,OSF,Amsterdam,0.8892,Uva,Uva Roja,14,2020
2020-04-02,N06,29,OSF,Amsterdam,0.0855,Uva,Uva Roja,14,2020
2020-04-02,N06,29,OSF,Felicity,0.6498,Cherry,Cherry Rojo,14,2020
2020-04-02,N06,29,OSF,Pera Amarilla 2,0.171,Mix,Pera Amarilla,14,2020
2020-04-02,N06,29,OSF,Pera Roja,0.1026,Mix,Pera Roja,14,2020
2020-04-02,N06,29,OSF,Yellow Suzan,0.1026,Mix,Uva Amarilla,14,2020
2020-04-04,V02,6,VAP,Amaí,0.8448,Uva,Uva Roja,14,2020
2020-04-04,V02,7,VAP,Amaí,0.2376,Uva,Uva Roja,14,2020
2020-04-04,V02,7,VAP,Tymoty,0.4752,Cherry,Cherry Rojo,14,2020
2020-04-04,V02,10,VAP,Amaí,0.8456,Uva,Uva Roja,14,2020
2020-04-04,V02,11,VAP,Tymoty,0.5432,Cherry,Cherry Rojo,14,2020
2020-04-04,V02,24,VAP,Amaí,0.0938,Uva,Uva Roja,14,2020
2020-04-06,V02,56,VAP,Amaí,0.6206,Uva,Uva Roja,15,2020
2020-04-06,V02,56,VAP,Tymoty,0.1379,Cherry,Cherry Rojo,15,2020
2020-04-13,S20,1,SFB,Felicity,0.3318,Cherry,Cherry Rojo,16,2020
2020-04-13,S20,1,SFB,Honey Bunch,0.0488,Mix,Uva Amarilla,16,2020
2020-04-13,S20,1,SFB,Pera Roja,0.039,Mix,Pera Roja,16,2020
2020-04-13,S20,1,SFB,Tangerina Grape,0.0683,Mix,Heirloom Cherry,16,2020
2020-04-13,S20,2,SFB,Amsterdam,0.1536,Uva,Uva Roja,16,2020
2020-04-13,S20,2,SFB,Dolcetine,0.3072,Uva,Uva Roja,16,2020
2020-04-13,S20,2,SFB,Habanero Tangerina,0.0768,Mix,Heirloom Cherry,16,2020
2020-04-13,S20,2,SFB,Pera Amarilla 2,0.1152,Mix,Pera Amarilla,16,2020
2020-04-13,S20,2,SFB,Pink,0.0576,Mix,Heirloom Cherry,16,2020
2020-04-13,S20,2,SFB,White,0.0384,Mix,Heirloom Cherry,16,2020
2020-04-17,S03,7,SAB,Mistral,0.416,Uva,Uva Roja,16,2020
2020-04-17,S10,1,SAB,Tymoty,0.528,Cherry,Cherry Rojo,16,2020
2020-04-17,S10,2,SAB,Tymoty,0.176,Cherry,Cherry Rojo,16,2020
2020-04-22,N02,9,OAP,Amaí,0.63,Uva,Uva Roja,17,2020
2020-04-22,N02,16,OAP,Amsterdam,0.882,Uva,Uva Roja,17,2020
2020-04-22,N02,17,OAP,Felicity,0.846,Cherry,Cherry Rojo,17,2020
2020-04-22,N02,17,OAP,Tymoty,0.126,Cherry,Cherry Rojo,17,2020
2020-04-23,S01,2,SAB,Habanero Rojo,0.096,Mix,Heirloom Cherry,17,2020
2020-04-23,S01,2,SAB,Habanero Tangerina,0.144,Mix,Heirloom Cherry,17,2020
2020-04-23,S01,2,SAB,Honey Bunch,0.112,Mix,Uva Amarilla,17,2020
2020-04-23,S01,2,SAB,Pera Amarilla 2,0.192,Mix,Pera Amarilla,17,2020
2020-04-23,S01,2,SAB,Pera Roja,0.16,Mix,Pera Roja,17,2020
2020-04-23,S01,2,SAB,Pink,0.08,Mix,Heirloom Cherry,17,2020
2020-04-23,S01,2,SAB,White,0.08,Mix,Heirloom Cherry,17,2020
2020-04-23,S01,3,SAB,Amaí,0.816,Uva,Uva Roja,17,2020
2020-04-23,S01,8,SAB,Amaí,0.576,Uva,Uva Roja,17,2020
2020-04-23,S01,8,SAB,Tangerina Grape,0.16,Mix,Heirloom Cherry,17,2020
2020-04-23,S03,6,SAB,Mistral,0.336,Uva,Uva Roja,17,2020
2020-04-25,V02,8,VAP,Tymoty,0.5376,Cherry,Cherry Rojo,17,2020
2020-04-25,V02,9,VAP,Honey Bunch,0.152,Mix,Uva Amarilla,17,2020
2020-04-25,V02,9,VAP,Pera Amarilla 2,0.228,Mix,Pera Amarilla,17,2020
2020-04-25,V02,9,VAP,Pera Roja,0.171,Mix,Pera Roja,17,2020
2020-04-25,V02,9,VAP,Tymoty,0.323,Cherry,Cherry Rojo,17,2020
2020-04-25,V02,9,VAP,White,0.171,Mix,Heirloom Cherry,17,2020
2020-05-01,S01,4,SAB,Mistral,1.02,Uva,Uva Roja,18,2020
2020-05-01,S01,5,SAB,Amaí,1.14,Uva,Uva Roja,18,2020
2020-05-02,N06,48,OSF,Felicity,0.3591,Cherry,Cherry Rojo,18,2020
2020-05-02,N06,48,OSF,Pera Amarilla 2,0.0855,Mix,Pera Amarilla,18,2020
2020-05-02,N06,48,OSF,Pera Roja,0.0855,Mix,Pera Roja,18,2020
2020-05-02,N06,48,OSF,Tangerina Grape,0.0684,Mix,Heirloom Cherry,18,2020
2020-05-02,N06,48,OSF,White,0.0513,Mix,Heirloom Cherry,18,2020
2020-05-02,N06,48,OSF,Yellow Suzan,0.0513,Mix,Uva Amarilla,18,2020
2020-05-02,N06,49,OSF,Amsterdam,0.5643,Uva,Uva Roja,18,2020
2020-05-02,N06,49,OSF,Felicity,0.3933,Cherry,Cherry Rojo,18,2020
2020-05-04,N02,8,OAP,Amsterdam,0.63,Uva,Uva Roja,19,2020
2020-05-04,N02,8,OAP,Felicity,0.378,Cherry,Cherry Rojo,19,2020
2020-05-04,N02,9,OAP,Felicity,0.378,Cherry,Cherry Rojo,19,2020
2020-05-08,S20,2,SFB,Tangerina Grape,0.0576,Mix,Heirloom Cherry,19,2020
2020-05-08,S20,4,SFB,Amaí,0.4176,Uva,Uva Roja,19,2020
2020-05-08,S20,4,SFB,Tymoty,0.4608,Cherry,Cherry Rojo,19,2020
2020-05-09,N02,10,OAP,Amsterdam,0.63,Uva,Uva Roja,19,2020
2020-05-15,N02,4,OAP,White,0.126,Mix,Heirloom Cherry,20,2020
2020-05-15,N02,4,OAP,Yellow Suzan,0.414,Mix,Uva Amarilla,20,2020
2020-05-15,N02,7,OAP,Felicity,0.612,Cherry,Cherry Rojo,20,2020
2020-05-16,N02,15,OAP,Habanero Rojo,0.27,Mix,Heirloom Cherry,20,2020
2020-05-16,N02,15,OAP,Habanero Tangerina,0.234,Mix,Heirloom Cherry,20,2020
2020-05-16,N02,15,OAP,Tangerina Grape,0.126,Mix,Heirloom Cherry,20,2020
2020-05-16,N02,18,OAP,Amsterdam,0.63,Uva,Uva Roja,20,2020
2020-05-16,N02,23,OAP,Amsterdam,0.63,Uva,Uva Roja,20,2020
2020-05-18,S12,12,SFB,Habanero Rojo,0.0756,Mix,Heirloom Cherry,21,2020
2020-05-18,S12,12,SFB,Habanero Tangerina,0.0378,Mix,Heirloom Cherry,21,2020
2020-05-18,S12,12,SFB,Pera Amarilla 2,0.0945,Mix,Pera Amarilla,21,2020
2020-05-18,S12,12,SFB,Pera Roja,0.0756,Mix,Pera Roja,21,2020
2020-05-18,S12,12,SFB,Tangerina Grape,0.1512,Mix,Heirloom Cherry,21,2020
2020-05-20,S20,3,SFB,Amaí,0.36,Uva,Uva Roja,21,2020
2020-05-20,S20,3,SFB,Amaí,0.5832,Uva,Uva Roja,21,2020
2020-05-20,S20,3,SFB,Honey Bunch,0.1296,Mix,Uva Amarilla,21,2020
2020-05-21,N02,3,OAP,Pera Amarilla 2,0.27,Mix,Pera Amarilla,21,2020
2020-05-21,N02,3,OAP,Pera Roja,0.252,Mix,Pera Roja,21,2020
2020-05-23,N02,39,OAP,Habanero Rojo,0.126,Mix,Heirloom Cherry,21,2020
2020-05-23,N02,39,OAP,Habanero Tangerina,0.18,Mix,Heirloom Cherry,21,2020
2020-05-23,N02,39,OAP,Pera Amarilla 2,0.018,Mix,Pera Amarilla,21,2020
2020-05-23,N02,39,OAP,Pera Roja,0.306,Mix,Pera Roja,21,2020
2020-05-23,N02,39,OAP,Pink,0.144,Mix,Heirloom Cherry,21,2020
2020-05-23,N02,39,OAP,Tangerina Grape,0.072,Mix,Heirloom Cherry,21,2020
2020-05-23,V02,46,VAP,Amaí,0.504,Uva,Uva Roja,21,2020
2020-05-23,V02,46,VAP,Tymoty,0.3402,Cherry,Cherry Rojo,21,2020
2020-05-23,V02,51,VAP,Amaí,0.0824,Uva,Uva Roja,21,2020
2020-05-23,V02,51,VAP,Amsterdam,0.0618,Uva,Uva Roja,21,2020
2020-05-23,V02,51,VAP,Pera Amarilla 2,0.1236,Mix,Pera Amarilla,21,2020
2020-05-23,V02,51,VAP,Pera Roja,0.0824,Mix,Pera Roja,21,2020
2020-05-25,N02,2,OAP,Pera Amarilla 2,0.27,Mix,Pera Amarilla,22,2020
2020-05-27,N02,40,OAP,Amsterdam,0.288,Uva,Uva Roja,22,2020
2020-05-27,N02,40,OAP,Amsterdam,0.504,Uva,Uva Roja,22,2020
2020-05-27,N02,41,OAP,Amsterdam,0.846,Uva,Uva Roja,22,2020
2020-05-27,N02,42,OAP,Felicity,0.126,Cherry,Cherry Rojo,22,2020
2020-05-27,N02,42,OAP,Felicity,0.72,Cherry,Cherry Rojo,22,2020
2020-05-28,N06,51,OSF,Habanero Tangerina,0.0513,Mix,Heirloom Cherry,22,2020
2020-05-28,N06,51,OSF,Pera Amarilla 2,0.0342,Mix,Pera Amarilla,22,2020
2020-05-28,N06,51,OSF,Pera Roja,0.0855,Mix,Pera Roja,22,2020
2020-05-28,N06,51,OSF,Pink,0.0684,Mix,Heirloom Cherry,22,2020
2020-05-28,N06,51,OSF,Tangerina Grape,0.0684,Mix,Heirloom Cherry,22,2020
2020-05-28,N06,51,OSF,White,0.0171,Mix,Heirloom Cherry,22,2020
2020-05-28,N06,51,OSF,Yellow Suzan,0.0684,Mix,Uva Amarilla,22,2020
2020-05-28,N06,52,OSF,Amsterdam,0.2394,Uva,Uva Roja,22,2020
2020-05-28,N06,52,OSF,Felicity,0.6498,Cherry,Cherry Rojo,22,2020
2020-05-28,N06,52,OSF,Pera Amarilla 2,0.0513,Mix,Pera Amarilla,22,2020
2020-05-28,N06,61,OSF,Amsterdam,0.9405,Uva,Uva Roja,22,2020
2020-05-29,N02,4,OAP,White,0.162,Mix,Heirloom Cherry,22,2020
2020-05-29,N02,4,OAP,Yellow Suzan,0.306,Mix,Uva Amarilla,22,2020
2020-06-02,N05,61,SAB,Habanero Rojo,0.234,Mix,Heirloom Cherry,23,2020
2020-06-02,N05,61,SAB,Honey Bunch,0.162,Mix,Uva Amarilla,23,2020
2020-06-02,N05,61,SAB,Pera Amarilla 2,0.144,Mix,Pera Amarilla,23,2020
2020-06-02,N05,61,SAB,Pera Roja,0.27,Mix,Pera Roja,23,2020
2020-06-02,N05,70,SAB,Habanero Tangerina,0.27,Mix,Heirloom Cherry,23,2020
2020-06-02,N05,70,SAB,Pink,0.108,Mix,Heirloom Cherry,23,2020
2020-06-02,N05,70,SAB,Tangerina Grape,0.108,Mix,Heirloom Cherry,23,2020
2020-06-02,N05,70,SAB,Tymoty,0.126,Cherry,Cherry Rojo,23,2020
2020-06-02,N05,70,SAB,White,0.126,Mix,Heirloom Cherry,23,2020
2020-06-02,S21,2,SFB,Amaí,0.4698,Uva,Uva Roja,23,2020
2020-06-02,S21,2,SFB,Amsterdam,0.8456,Uva,Uva Roja,23,2020
2020-06-02,S21,2,SFB,Habanero Rojo,0.1253,Mix,Heirloom Cherry,23,2020
2020-06-03,S08,1,SFB,Pink,0.0729,Mix,Heirloom Cherry,23,2020
2020-06-03,S08,1,SFB,Tangerina Grape,0.1701,Mix,Heirloom Cherry,23,2020
2020-06-05,N02,14,OAP,Habanero Rojo,0.234,Mix,Heirloom Cherry,23,2020
2020-06-05,N02,14,OAP,Habanero Tangerina,0.216,Mix,Heirloom Cherry,23,2020
2020-06-05,N02,14,OAP,Pera Amarilla 2,0.18,Mix,Pera Amarilla,23,2020
2020-06-05,N02,14,OAP,Pera Roja,0.18,Mix,Pera Roja,23,2020
2020-06-06,N02,6,OAP,Amsterdam,0.144,Uva,Uva Roja,23,2020
2020-06-06,N02,6,OAP,Felicity,0.648,Cherry,Cherry Rojo,23,2020
2020-06-06,N02,11,OAP,Amsterdam,0.792,Uva,Uva Roja,23,2020
2020-06-06,N02,19,OAP,Habanero Rojo,0.126,Mix,Heirloom Cherry,23,2020
2020-06-06,N02,19,OAP,Habanero Tangerina,0.09,Mix,Heirloom Cherry,23,2020
2020-06-06,N02,19,OAP,Pera Amarilla 2,0.09,Mix,Pera Amarilla,23,2020
2020-06-06,N02,19,OAP,Pera Roja,0.126,Mix,Pera Roja,23,2020
2020-06-06,N02,19,OAP,Tangerina Grape,0.162,Mix,Heirloom Cherry,23,2020
2020-06-06,N02,21,OAP,Felicity,0.81,Cherry,Cherry Rojo,23,2020
2020-06-06,N02,22,OAP,Amsterdam,0.846,Uva,Uva Roja,23,2020
2020-06-11,N02,19,OAP,Pink,0.126,Mix,Heirloom Cherry,24,2020
2020-06-17,N02,45,OAP,Amsterdam,0.864,Uva,Uva Roja,25,2020
2020-06-17,N02,46,OAP,Amsterdam,0.36,Uva,Uva Roja,25,2020
2020-06-17,N02,46,OAP,Felicity,0.504,Cherry,Cherry Rojo,25,2020
2020-06-18,N02,43,OAP,Amsterdam,0.09,Uva,Uva Roja,25,2020
2020-06-18,N02,43,OAP,Felicity,0.18,Cherry,Cherry Rojo,25,2020
2020-06-18,N02,43,OAP,Pera Amarilla 2,0.198,Mix,Pera Amarilla,25,2020
2020-06-18,N02,43,OAP,Pera Roja,0.18,Mix,Pera Roja,25,2020
2020-06-18,N02,43,OAP,Yellow Suzan,0.18,Mix,Uva Amarilla,25,2020
2020-06-18,N02,44,OAP,Amsterdam,0.864,Uva,Uva Roja,25,2020
2020-06-18,N02,66,OAP,Pink,0.216,Mix,Heirloom Cherry,25,2020
2020-06-18,N02,66,OAP,Tangerina Grape,0.234,Mix,Heirloom Cherry,25,2020
2020-06-18,N02,66,OAP,White,0.198,Mix,Heirloom Cherry,25,2020
2020-06-18,N02,66,OAP,Yellow Suzan,0.108,Mix,Uva Amarilla,25,2020
2020-06-18,N02,67,OAP,Habanero Rojo,0.36,Mix,Heirloom Cherry,25,2020
2020-06-18,N02,67,OAP,Habanero Tangerina,0.306,Mix,Heirloom Cherry,25,2020
2020-06-18,N02,67,OAP,Yellow Suzan,0.09,Mix,Uva Amarilla,25,2020
2020-06-18,N05,62,SAB,Amsterdam,0.324,Uva,Uva Roja,25,2020
2020-06-18,N05,62,SAB,Mistral,0.486,Uva,Uva Roja,25,2020
2020-06-18,N05,69,SAB,Amsterdam,0.162,Uva,Uva Roja,25,2020
2020-06-18,N05,69,SAB,Tymoty,0.648,Cherry,Cherry Rojo,25,2020
2020-06-18,N06,24,OSF,Amsterdam,0.8721,Uva,Uva Roja,25,2020
2020-06-18,N06,38,OSF,Amsterdam,0.9234,Uva,Uva Roja,25,2020
2020-06-18,N06,47,OSF,Amsterdam,0.1368,Uva,Uva Roja,25,2020
2020-06-18,N06,47,OSF,Felicity,0.7866,Cherry,Cherry Rojo,25,2020
2020-06-23,MV01,37,VAP,Amaí,0.7577,Uva,Uva Roja,26,2020
2020-06-23,MV01,38,VAP,Amaí,0.077,Uva,Uva Roja,26,2020
2020-06-23,MV01,38,VAP,Habanero Rojo,0.077,Mix,Heirloom Cherry,26,2020
2020-06-23,MV01,38,VAP,Habanero Tangerina,0.0577,Mix,Heirloom Cherry,26,2020
2020-06-23,MV01,38,VAP,Honey Bunch,0.077,Mix,Uva Amarilla,26,2020
2020-06-23,MV01,38,VAP,Tymoty,0.404,Cherry,Cherry Rojo,26,2020
2020-06-23,MV01,38,VAP,White,0.0577,Mix,Heirloom Cherry,26,2020
2020-06-23,V01,37,VAP,Amaí,0.7577,Uva,Uva Roja,26,2020
2020-06-23,V01,38,VAP,Habanero Rojo,0.077,Mix,Heirloom Cherry,26,2020
2020-06-23,V01,38,VAP,Honey Bunch,0.077,Mix,Uva Amarilla,26,2020
2020-06-23,V01,38,VAP,White,0.0577,Mix,Heirloom Cherry,26,2020
2020-06-26,S05,4,SFB,Habanero Tangerina,0.027,Mix,Heirloom Cherry,26,2020
2020-06-26,S05,4,SFB,Pera Amarilla 2,0.099,Mix,Pera Amarilla,26,2020
2020-06-26,S05,4,SFB,White,0.036,Mix,Heirloom Cherry,26,2020
2020-06-26,S05,5,SFB,Habanero Tangerina,0.027,Mix,Heirloom Cherry,26,2020
2020-06-26,S05,5,SFB,Pera Amarilla 2,0.099,Mix,Pera Amarilla,26,2020
2020-06-26,S05,5,SFB,White,0.036,Mix,Heirloom Cherry,26,2020
2020-06-26,S07,2,SFB,Habanero Rojo,0.198,Mix,Heirloom Cherry,26,2020
2020-06-26,S07,2,SFB,Habanero Tangerina,0.072,Mix,Heirloom Cherry,26,2020
2020-06-26,S08,1,SFB,Honey Bunch,0.1458,Mix,Uva Amarilla,26,2020
2020-06-26,S08,1,SFB,Pera Roja,0.072,Mix,Pera Roja,26,2020
2020-06-27,N06,32,OSF,Habanero Rojo,0.0171,Mix,Heirloom Cherry,26,2020
2020-06-27,N06,32,OSF,Habanero Tangerina,0.0171,Mix,Heirloom Cherry,26,2020
2020-06-27,N06,32,OSF,Pera Amarilla 2,0.0684,Mix,Pera Amarilla,26,2020
2020-06-27,N06,32,OSF,Pera Roja,0.2223,Mix,Pera Roja,26,2020
2020-06-27,N06,32,OSF,Pink,0.0171,Mix,Heirloom Cherry,26,2020
2020-06-27,N06,32,OSF,Tangerina Grape,0.0171,Mix,Heirloom Cherry,26,2020
2020-06-27,N06,34,OSF,Amsterdam,1.2312,Uva,Uva Roja,26,2020
2020-06-27,N06,35,OSF,Amsterdam,0.1026,Uva,Uva Roja,26,2020
2020-06-27,N06,35,OSF,Felicity,0.8721,Cherry,Cherry Rojo,26,2020
2020-06-27,N06,35,OSF,Pera Amarilla 2,0.2565,Mix,Pera Amarilla,26,2020
2020-06-27,S20,5,SFB,Amaí,0.234,Uva,Uva Roja,26,2020
2020-06-27,S20,5,SFB,Amsterdam,1.0944,Uva,Uva Roja,26,2020
2020-06-27,S20,5,SFB,Tymoty,0.7488,Cherry,Cherry Rojo,26,2020
2020-06-29,N05,63,SAB,Amaí,0.756,Uva,Uva Roja,27,2020
2020-06-29,N05,68,SAB,Mistral,0.72,Uva,Uva Roja,27,2020
2020-06-29,N05,68,SAB,Tymoty,0.108,Cherry,Cherry Rojo,27,2020
2020-06-30,N05,73,SAB,Habanero Rojo,0.162,Mix,Heirloom Cherry,27,2020
2020-06-30,N05,73,SAB,Habanero Tangerina,0.144,Mix,Heirloom Cherry,27,2020
2020-06-30,N05,73,SAB,Honey Bunch,0.144,Mix,Uva Amarilla,27,2020
2020-06-30,N05,73,SAB,Mistral,0.072,Uva,Uva Roja,27,2020
2020-06-30,N05,73,SAB,Pera Amarilla 2,0.18,Mix,Pera Amarilla,27,2020
2020-06-30,N05,73,SAB,Pera Roja,0.162,Mix,Pera Roja,27,2020
2020-06-30,N05,73,SAB,Tangerina Grape,0.072,Mix,Heirloom Cherry,27,2020
2020-07-03,S20,6,SFB,Amaí,0.5328,Uva,Uva Roja,27,2020
2020-07-03,S20,6,SFB,Tymoty,0.4896,Cherry,Cherry Rojo,27,2020
2020-07-03,S20,7,SFB,Amaí,0.792,Uva,Uva Roja,27,2020
2020-07-03,S20,7,SFB,Dolcetine,0.2304,Uva,Uva Roja,27,2020
2020-07-10,S05,11,SFB,Dolcetine,0.3276,Uva,Uva Roja,28,2020
2020-07-10,S05,11,SFB,Habanero Rojo,0.1404,Mix,Heirloom Cherry,28,2020
2020-07-10,S05,11,SFB,Habanero Tangerina,0.1404,Mix,Heirloom Cherry,28,2020
2020-07-10,S05,11,SFB,Honey Bunch,0.234,Mix,Uva Amarilla,28,2020
2020-07-10,S05,11,SFB,Pera Amarilla 2,0.1638,Mix,Pera Amarilla,28,2020
2020-07-10,S05,11,SFB,Pera Roja,0.1638,Mix,Pera Roja,28,2020
2020-07-10,S05,11,SFB,Pink,0.0702,Mix,Heirloom Cherry,28,2020
2020-07-10,S05,11,SFB,Tangerina Grape,0.0702,Mix,Heirloom Cherry,28,2020
2020-07-10,S05,11,SFB,White,0.0702,Mix,Heirloom Cherry,28,2020
2020-07-13,MV01,30,VAP,Habanero Rojo,0.032,Mix,Heirloom Cherry,29,2020
2020-07-13,MV01,30,VAP,Pera Amarilla 2,0.144,Mix,Pera Amarilla,29,2020
2020-07-13,MV01,30,VAP,Pera Roja,0.048,Mix,Pera Roja,29,2020
2020-07-13,MV01,30,VAP,Pink,0.064,Mix,Heirloom Cherry,29,2020
2020-07-13,MV01,30,VAP,Tangerina Grape,0.048,Mix,Heirloom Cherry,29,2020
2020-07-13,MV01,30,VAP,White,0.032,Mix,Heirloom Cherry,29,2020
2020-07-13,MV01,35,VAP,Habanero Rojo,0.032,Mix,Heirloom Cherry,29,2020
2020-07-13,MV01,35,VAP,Honey Bunch,0.064,Mix,Uva Amarilla,29,2020
2020-07-13,MV01,35,VAP,Pera Amarilla 2,0.144,Mix,Pera Amarilla,29,2020
2020-07-13,MV01,35,VAP,Pera Roja,0.048,Mix,Pera Roja,29,2020
2020-07-13,MV01,35,VAP,Pera Roja,0.064,Mix,Pera Roja,29,2020
2020-07-13,MV01,35,VAP,Pink,0.08,Mix,Heirloom Cherry,29,2020
2020-07-13,MV01,35,VAP,White,0.032,Mix,Heirloom Cherry,29,2020
2020-07-13,V01,30,VAP,Pera Amarilla 2,0.144,Mix,Pera Amarilla,29,2020
2020-07-13,V01,30,VAP,Pera Roja,0.048,Mix,Pera Roja,29,2020
2020-07-13,V01,30,VAP,Pera Roja,0.064,Mix,Pera Roja,29,2020
2020-07-13,V01,30,VAP,Pink,0.064,Mix,Heirloom Cherry,29,2020
2020-07-13,V01,30,VAP,Tangerina Grape,0.048,Mix,Heirloom Cherry,29,2020
2020-07-13,V01,30,VAP,White,0.032,Mix,Heirloom Cherry,29,2020
2020-07-13,V01,35,VAP,Habanero Rojo,0.032,Mix,Heirloom Cherry,29,2020
2020-07-13,V01,35,VAP,Pera Amarilla 2,0.144,Mix,Pera Amarilla,29,2020
2020-07-13,V01,35,VAP,Pera Roja,0.064,Mix,Pera Roja,29,2020
2020-07-13,V01,35,VAP,Pink,0.08,Mix,Heirloom Cherry,29,2020
2020-07-13,V01,35,VAP,Tangerina Grape,0.048,Mix,Heirloom Cherry,29,2020
2020-07-13,V02,33,VAP,Amaí,1.5402,Uva,Uva Roja,29,2020
2020-07-14,V02,34,VAP,Tymoty,0.364,Cherry,Cherry Rojo,29,2020
2020-07-14,V02,35,VAP,Tymoty,0.3952,Cherry,Cherry Rojo,29,2020
2020-07-14,V02,37,VAP,Tymoty,0.35,Cherry,Cherry Rojo,29,2020
2020-07-14,V02,38,VAP,Tymoty,0.3588,Cherry,Cherry Rojo,29,2020
2020-07-16,N05,71,SAB,Honey Bunch,0.054,Mix,Uva Amarilla,29,2020
2020-07-16,N05,71,SAB,Honey Bunch,0.216,Mix,Uva Amarilla,29,2020
2020-07-16,N05,71,SAB,Pera Amarilla 2,0.126,Mix,Pera Amarilla,29,2020
2020-07-16,N05,71,SAB,Pera Roja,0.126,Mix,Pera Roja,29,2020
2020-07-16,N05,72,SAB,Habanero Rojo,0.054,Mix,Heirloom Cherry,29,2020
2020-07-16,N05,72,SAB,Habanero Tangerina,0.036,Mix,Heirloom Cherry,29,2020
2020-07-16,N05,72,SAB,Tangerina Grape,0.072,Mix,Heirloom Cherry,29,2020
2020-07-16,N05,72,SAB,Tymoty,0.162,Cherry,Cherry Rojo,29,2020
2020-07-16,N05,72,SAB,White,0.018,Mix,Heirloom Cherry,29,2020
2020-07-16,N05,72,SAB,White,0.072,Mix,Heirloom Cherry,29,2020
2020-07-20,V02,39,VAP,Pink,0.0948,Mix,Heirloom Cherry,30,2020
2020-07-20,V02,39,VAP,Tangerina Grape,0.1106,Mix,Heirloom Cherry,30,2020
2020-07-20,V02,39,VAP,White,0.2528,Mix,Heirloom Cherry,30,2020
2020-07-20,V02,40,VAP,Habanero Rojo,0.3128,Mix,Heirloom Cherry,30,2020
2020-07-20,V02,40,VAP,Habanero Tangerina,0.1632,Mix,Heirloom Cherry,30,2020
2020-07-20,V02,41,VAP,Amaí,0.5852,Uva,Uva Roja,30,2020
2020-07-20,V02,42,VAP,Honey Bunch,0.4104,Mix,Uva Amarilla,30,2020
2020-07-20,V02,42,VAP,Pera Roja,0.228,Mix,Pera Roja,30,2020
2020-07-20,V02,43,VAP,Habanero Rojo,0.1276,Mix,Heirloom Cherry,30,2020
2020-07-20,V02,43,VAP,Pera Amarilla 2,0.116,Mix,Pera Amarilla,30,2020
2020-07-20,V02,44,VAP,Amaí,0.3696,Uva,Uva Roja,30,2020
2020-07-24,V02,35,VAP,Amaí,0.456,Uva,Uva Roja,30,2020
2020-07-28,S17,5,SAB,Amaí,0.48,Uva,Uva Roja,31,2020
2020-07-28,S17,6,SAB,Amaí,0.432,Uva,Uva Roja,31,2020
2020-07-28,S17,9,SAB,Tymoty,0.816,Cherry,Cherry Rojo,31,2020
2020-07-28,S17,11,SAB,Mistral,0.48,Uva,Uva Roja,31,2020
2020-07-28,S17,11,SAB,Tymoty,0.368,Cherry,Cherry Rojo,31,2020
2020-08-08,Z18,7,ZJL,Amsterdam,0.3375,Uva,Uva Roja,32,2020
2020-08-08,Z18,8,ZJL,Felicity,0.7988,Cherry,Cherry Rojo,32,2020
2020-08-10,Z18,3,ZJL,Pera Amarilla 2,0.0788,Mix,Pera Amarilla,33,2020
2020-08-10,Z18,3,ZJL,Pera Roja,0.0788,Mix,Pera Roja,33,2020
2020-08-10,Z18,3,ZJL,Tangerina Grape,0.0225,Mix,Heirloom Cherry,33,2020
2020-08-10,Z18,3,ZJL,White,0.0225,Mix,Heirloom Cherry,33,2020
2020-08-10,Z18,7,ZJL,Amsterdam,0.45,Uva,Uva Roja,33,2020
2020-08-17,Z18,3,ZJL,Tymoty,0.36,Cherry,Cherry Rojo,34,2020
2020-08-18,Z18,10,ZJL,Honey Bunch,0.0563,Mix,Uva Amarilla,34,2020
2020-08-18,Z18,10,ZJL,Pera Amarilla 2,0.0788,Mix,Pera Amarilla,34,2020
2020-08-18,Z18,10,ZJL,Tangerina Grape,0.0675,Mix,Heirloom Cherry,34,2020
2020-08-18,Z18,10,ZJL,Tymoty,0.5063,Cherry,Cherry Rojo,34,2020
2020-08-24,Z18,4,ZJL,Mistral,0.0563,Uva,Uva Roja,35,2020
2020-08-24,Z18,9,ZJL,Mistral,0.855,Uva,Uva Roja,35,2020
2021-03-19,V02,14,VAP,Amaí,0.5883,Uva,Uva Roja,11,2021
2021-03-19,V02,14,VAP,Honey Bunch,0.0636,Mix,Uva Amarilla,11,2021
2021-03-19,V02,15,VAP,Amaí,0.4104,Uva,Uva Roja,11,2021
2021-03-19,V02,19,VAP,Amaí,0.4736,Uva,Uva Roja,11,2021
2021-03-19,V02,23,VAP,Amaí,0.552,Uva,Uva Roja,11,2021
2021-03-19,V02,27,VAP,Amaí,0.552,Uva,Uva Roja,11,2021
2021-03-19,V02,28,VAP,Amaí,0.7724,Uva,Uva Roja,11,2021
2021-03-20,V02,10,VAP,Tymoty,0.8154,Cherry,Cherry Rojo,11,2021
2021-03-20,V02,11,VAP,Tymoty,0.357,Cherry,Cherry Rojo,11,2021
2021-03-20,V02,12,VAP,Habanero Rojo,0.204,Mix,Heirloom Cherry,11,2021
2021-03-20,V02,12,VAP,Habanero Tangerina,0.288,Mix,Heirloom Cherry,11,2021
2021-03-20,V02,13,VAP,Tymoty,0.7134,Cherry,Cherry Rojo,11,2021
2021-03-22,72,6,VAP,Pera Amarilla 2,0.4096,Mix,Pera Amarilla,12,2021
2021-03-22,72,7,VAP,Tangerina Grape,0.1649,Mix,Heirloom Cherry,12,2021
2021-03-22,V02,6,VAP,Honey Bunch,0.0512,Mix,Uva Amarilla,12,2021
2021-03-22,V02,6,VAP,Pera Amarilla 2,0.4096,Mix,Pera Amarilla,12,2021
2021-03-22,V02,6,VAP,Pera Roja,0.3584,Mix,Pera Roja,12,2021
2021-03-22,V02,7,VAP,Honey Bunch,0.1885,Mix,Uva Amarilla,12,2021
2021-03-22,V02,7,VAP,Pink,0.0942,Mix,Heirloom Cherry,12,2021
2021-03-22,V02,7,VAP,Tangerina Grape,0.1649,Mix,Heirloom Cherry,12,2021
2021-03-22,V02,7,VAP,White,0.1178,Mix,Heirloom Cherry,12,2021
2021-03-24,M09,12,MAP,Santiyellow,0.048,Mix,Uva Amarilla,12,2021
2021-03-24,M09,13,MAP,Amaí,0.0288,Uva,Uva Roja,12,2021
2021-03-25,M09,14,MAP,Indigo,0.04,Mix,Heirloom Cherry,12,2021
2021-03-25,M09,14,MAP,Pink,0.04,Mix,Heirloom Cherry,12,2021
2021-03-29,L01,1,SGC,Amaí,0.54,Uva,Uva Roja,13,2021
2021-03-29,L01,1,SGC,Felicity,0.306,Cherry,Cherry Rojo,13,2021
2021-03-29,L01,2,SGC,Amaí,1.044,Uva,Uva Roja,13,2021
2021-03-30,L01,4,SGC,Felicity,0.45,Cherry,Cherry Rojo,13,2021
2021-03-30,L01,4,SGC,Habanero Rojo,0.054,Mix,Heirloom Cherry,13,2021
2021-03-30,L01,4,SGC,Honey Bunch,0.108,Mix,Uva Amarilla,13,2021
2021-03-30,L01,4,SGC,Indigo,0.036,Mix,Heirloom Cherry,13,2021
2021-03-30,L01,4,SGC,Pera Amarilla 2,0.108,Mix,Pera Amarilla,13,2021
2021-03-30,L01,4,SGC,Pink,0.018,Mix,Heirloom Cherry,13,2021
2021-03-30,L01,4,SGC,White,0.018,Mix,Heirloom Cherry,13,2021
2021-04-02,L10,7,SMR,Amsterdam,0.7182,Uva,Uva Roja,13,2021
2021-04-02,N02,54,OAP,Felicity,0.756,Cherry,Cherry Rojo,13,2021
2021-04-02,N02,54,OAP,Shiren,0.054,Cherry,Cherry Rojo,13,2021
2021-04-02,N02,55,OAP,Amsterdam,0.09,Uva,Uva Roja,13,2021
2021-04-02,N02,55,OAP,Shiren,0.72,Cherry,Cherry Rojo,13,2021
2021-04-03,N02,56,OAP,Amsterdam,0.414,Uva,Uva Roja,13,2021
2021-04-03,N02,56,OAP,Pera Amarilla 2,0.09,Mix,Pera Amarilla,13,2021
2021-04-03,N02,56,OAP,Pera Roja,0.108,Mix,Pera Roja,13,2021
2021-04-03,N02,56,OAP,Yellow Suzan,0.09,Mix,Uva Amarilla,13,2021
2021-04-05,L10,3,SMR,Amsterdam,0.1026,Uva,Uva Roja,14,2021
2021-04-05,L10,3,SMR,Felicity,0.4788,Cherry,Cherry Rojo,14,2021
2021-04-05,L10,3,SMR,Honey Bunch,0.0855,Mix,Uva Amarilla,14,2021
2021-04-05,L10,3,SMR,Pera Amarilla 2,0.0855,Mix,Pera Amarilla,14,2021
2021-04-05,L10,3,SMR,Pink,0.0086,Mix,Heirloom Cherry,14,2021
2021-04-05,L10,3,SMR,White,0.0086,Mix,Heirloom Cherry,14,2021
2021-04-06,L01,9,SGC,Pera Amarilla 2,0.0883,Mix,Pera Amarilla,14,2021
2021-04-06,L01,9,SGC,Pera Roja,0.127,Mix,Pera Roja,14,2021
2021-04-08,S07,2,SFB,Felicity,0.555,Cherry,Cherry Rojo,14,2021
2021-04-08,S07,2,SFB,Habanero Rojo,0.08,Mix,Heirloom Cherry,14,2021
2021-04-08,S07,2,SFB,Habanero Tangerina,0.07,Mix,Heirloom Cherry,14,2021
2021-04-08,S07,2,SFB,Indigo,0.08,Mix,Heirloom Cherry,14,2021
2021-04-08,S07,2,SFB,Pera Amarilla 2,0.05,Mix,Pera Amarilla,14,2021
2021-04-08,S07,6,SFB,Amsterdam,0.646,Uva,Uva Roja,14,2021
2021-04-08,S07,7,SFB,Amaí,0.5848,Uva,Uva Roja,14,2021
2021-04-08,S30,1,SAB,Amaí,0.58,Uva,Uva Roja,14,2021
2021-04-08,S30,1,SAB,Honey Bunch,0.18,Mix,Uva Amarilla,14,2021
2021-04-08,S30,1,SAB,Mistral,0.22,Uva,Uva Roja,14,2021
2021-04-08,S30,1,SAB,Pink,0.03,Mix,Heirloom Cherry,14,2021
2021-04-08,S30,2,SAB,Habanero Rojo,0.12,Mix,Heirloom Cherry,14,2021
2021-04-08,S30,2,SAB,Habanero Tangerina,0.16,Mix,Heirloom Cherry,14,2021
2021-04-08,S30,2,SAB,Indigo,0.08,Mix,Heirloom Cherry,14,2021
2021-04-08,S30,2,SAB,Pera Amarilla 2,0.3,Mix,Pera Amarilla,14,2021
2021-04-08,S30,2,SAB,Pera Roja,0.2,Mix,Pera Roja,14,2021
2021-04-08,S30,2,SAB,White,0.06,Mix,Heirloom Cherry,14,2021
2021-04-09,V01,7,VAP,Amaí,0.7536,Uva,Uva Roja,14,2021
2021-04-09,V01,8,VAP,Amaí,1.0282,Uva,Uva Roja,14,2021
2021-04-09,V02,11,VAP,Tymoty,0.2522,Cherry,Cherry Rojo,14,2021
2021-04-10,V01,1,VAP,Amsterdam,0.0246,Uva,Uva Roja,14,2021
2021-04-10,V01,1,VAP,Habanero Rojo,0.295,Mix,Heirloom Cherry,14,2021
2021-04-10,V01,1,VAP,Habanero Tangerina,0.2458,Mix,Heirloom Cherry,14,2021
2021-04-10,V01,1,VAP,Honey Bunch,0.4424,Mix,Uva Amarilla,14,2021
2021-04-10,V01,1,VAP,Pink,0.0983,Mix,Heirloom Cherry,14,2021
2021-04-10,V01,1,VAP,Tangerina Grape,0.2212,Mix,Heirloom Cherry,14,2021
2021-04-10,V01,1,VAP,White,0.0737,Mix,Heirloom Cherry,14,2021
2021-04-10,V01,2,VAP,Amaí,0.3941,Uva,Uva Roja,14,2021
2021-04-10,V01,2,VAP,Pera Amarilla 2,0.4636,Mix,Pera Amarilla,14,2021
2021-04-10,V01,2,VAP,Pera Roja,0.4868,Mix,Pera Roja,14,2021
2021-04-10,V01,3,VAP,Tymoty,0.6675,Cherry,Cherry Rojo,14,2021
2021-04-11,S04,3,SJB,Amaí,0.3974,Uva,Uva Roja,14,2021
2021-04-12,V02,7,VAP,Amaí,0.1638,Uva,Uva Roja,15,2021
2021-04-14,N02,56,OAP,Pera Amarilla 2,0.108,Mix,Pera Amarilla,15,2021
2021-04-14,N02,57,OAP,Felicity,0.162,Cherry,Cherry Rojo,15,2021
2021-04-14,N02,57,OAP,Habanero Rojo,0.054,Mix,Heirloom Cherry,15,2021
2021-04-14,N02,57,OAP,Habanero Tangerina,0.054,Mix,Heirloom Cherry,15,2021
2021-04-14,N02,57,OAP,Indigo,0.036,Mix,Heirloom Cherry,15,2021
2021-04-14,N02,57,OAP,Pink,0.036,Mix,Heirloom Cherry,15,2021
2021-04-14,N02,57,OAP,Prince,0.162,Uva,Uva Roja,15,2021
2021-04-14,N02,57,OAP,Tangerina Grape,0.036,Mix,Heirloom Cherry,15,2021
2021-04-14,N02,57,OAP,White,0.036,Mix,Heirloom Cherry,15,2021
2021-04-14,N02,58,OAP,Amsterdam,0.486,Uva,Uva Roja,15,2021
2021-04-14,N02,58,OAP,Felicity,0.108,Cherry,Cherry Rojo,15,2021
2021-04-14,N02,58,OAP,Tymoty,0.252,Cherry,Cherry Rojo,15,2021
2021-04-15,N02,59,OAP,Amsterdam,0.324,Uva,Uva Roja,15,2021
2021-04-15,S06,2,SMB,Pera Amarilla 2,0.108,Mix,Pera Amarilla,15,2021
2021-04-15,S06,2,SMB,Pera Roja,0.108,Mix,Pera Roja,15,2021
2021-04-15,S06,2,SMB,Tymoty,0.342,Cherry,Cherry Rojo,15,2021
2021-04-20,S06,1,SMB,Amaí,0.864,Uva,Uva Roja,16,2021
2021-04-20,S19,2,SLB,Amaí,0.432,Uva,Uva Roja,16,2021
2021-04-20,S19,3,SLB,Amaí,0.464,Uva,Uva Roja,16,2021
2021-04-21,S30,3,SAB,Amaí,0.72,Uva,Uva Roja,16,2021
2021-04-21,S30,3,SAB,Habanero Tangerina,0.06,Mix,Heirloom Cherry,16,2021
2021-04-21,S30,3,SAB,Honey Bunch,0.22,Mix,Uva Amarilla,16,2021
2021-04-21,S30,3,SAB,Mistral,0.64,Uva,Uva Roja,16,2021
2021-04-21,S30,4,SAB,Habanero Rojo,0.18,Mix,Heirloom Cherry,16,2021
2021-04-21,S30,4,SAB,Indigo,0.04,Mix,Heirloom Cherry,16,2021
2021-04-21,S30,4,SAB,Pera Amarilla 2,0.08,Mix,Pera Amarilla,16,2021
2021-04-21,S30,4,SAB,Pera Roja,0.04,Mix,Pera Roja,16,2021
2021-04-21,S30,4,SAB,Pink,0.04,Mix,Heirloom Cherry,16,2021
2021-04-21,S30,4,SAB,White,0.04,Mix,Heirloom Cherry,16,2021
2021-04-22,S07,9,SFB,Pera Amarilla 2,0.302,Mix,Pera Amarilla,16,2021
2021-04-22,S27,1,SGB,Mistral,0.3162,Uva,Uva Roja,16,2021
2021-04-22,S27,1,SGB,Tymoty,0.1632,Cherry,Cherry Rojo,16,2021
2021-04-23,S06,4,SMB,Habanero Rojo,0.036,Mix,Heirloom Cherry,16,2021
2021-04-23,S06,4,SMB,Habanero Tangerina,0.054,Mix,Heirloom Cherry,16,2021
2021-04-23,S06,4,SMB,Indigo,0.018,Mix,Heirloom Cherry,16,2021
2021-04-23,S06,4,SMB,Pink,0.036,Mix,Heirloom Cherry,16,2021
2021-04-23,S06,4,SMB,Tangerina Grape,0.036,Mix,Heirloom Cherry,16,2021
2021-04-23,S06,4,SMB,White,0.054,Mix,Heirloom Cherry,16,2021
2021-04-23,S19,1,SLB,Honey Bunch,0.272,Mix,Uva Amarilla,16,2021
2021-04-23,S19,2,SLB,Mistral,0.432,Uva,Uva Roja,16,2021
2021-04-24,S07,8,SFB,Amsterdam,1.0112,Uva,Uva Roja,16,2021
2021-04-24,S07,8,SFB,Habanero Tangerina,0.18,Mix,Heirloom Cherry,16,2021
2021-04-24,S07,10,SFB,Habanero Rojo,0.112,Mix,Heirloom Cherry,16,2021
2021-04-24,S07,10,SFB,Pink,0.016,Mix,Heirloom Cherry,16,2021
2021-04-24,S07,10,SFB,Pink,0.064,Mix,Heirloom Cherry,16,2021
2021-04-24,S07,11,SFB,Felicity,0.42,Cherry,Cherry Rojo,16,2021
2021-04-24,S07,11,SFB,Honey Bunch,0.252,Mix,Uva Amarilla,16,2021
2021-04-24,S07,11,SFB,White,0.084,Mix,Heirloom Cherry,16,2021
2021-04-28,N02,42,OAP,Habanero Rojo,0.036,Mix,Heirloom Cherry,17,2021
2021-04-28,N02,42,OAP,Habanero Tangerina,0.036,Mix,Heirloom Cherry,17,2021
2021-04-28,N02,42,OAP,King,0.09,Uva,Uva Roja,17,2021
2021-04-28,N02,42,OAP,Pera Amarilla 2,0.144,Mix,Pera Amarilla,17,2021
2021-04-28,N02,42,OAP,Pera Roja,0.072,Mix,Pera Roja,17,2021
2021-04-28,N02,42,OAP,Pink,0.036,Mix,Heirloom Cherry,17,2021
2021-04-28,N02,42,OAP,Prince,0.072,Uva,Uva Roja,17,2021
2021-04-28,N02,42,OAP,Tangerina Grape,0.054,Mix,Heirloom Cherry,17,2021
2021-04-28,N02,42,OAP,Tymoty,0.072,Cherry,Cherry Rojo,17,2021
2021-04-28,N02,42,OAP,Tymoty,0.216,Cherry,Cherry Rojo,17,2021
2021-04-28,N02,59,OAP,Amsterdam,0.342,Uva,Uva Roja,17,2021
2021-04-28,N02,59,OAP,Tymoty,0.18,Cherry,Cherry Rojo,17,2021
2021-04-30,S12,5,SGB,Amaí,0.2678,Uva,Uva Roja,17,2021
2021-04-30,S12,5,SGB,Habanero Rojo,0.0536,Mix,Heirloom Cherry,17,2021
2021-04-30,S12,5,SGB,Habanero Tangerina,0.0459,Mix,Heirloom Cherry,17,2021
2021-04-30,S12,5,SGB,Honey Bunch,0.0536,Mix,Uva Amarilla,17,2021
2021-04-30,S12,5,SGB,Indigo,0.0383,Mix,Heirloom Cherry,17,2021
2021-04-30,S12,5,SGB,Pera Amarilla 2,0.0459,Mix,Pera Amarilla,17,2021
2021-04-30,S12,5,SGB,Pink,0.0306,Mix,Heirloom Cherry,17,2021
2021-04-30,S12,5,SGB,Tymoty,0.176,Cherry,Cherry Rojo,17,2021
2021-04-30,S12,5,SGB,White,0.0306,Mix,Heirloom Cherry,17,2021
2021-04-30,S15,2,SGB,Pera Roja,0.0536,Mix,Pera Roja,17,2021
2021-05-03,S04,4,SJB,Amsterdam,0.224,Uva,Uva Roja,18,2021
2021-05-03,S04,4,SJB,Tymoty,0.616,Cherry,Cherry Rojo,18,2021
2021-05-03,S04,5,SJB,Amaí,1.288,Uva,Uva Roja,18,2021
2021-05-04,L01,5,SGC,Amsterdam,0.2925,Uva,Uva Roja,18,2021
2021-05-04,L01,9,SGC,Habanero Rojo,0.0189,Mix,Heirloom Cherry,18,2021
2021-05-04,L01,9,SGC,Honey Bunch,0.0135,Mix,Uva Amarilla,18,2021
2021-05-04,L01,9,SGC,Pera Amarilla 2,0.0216,Mix,Pera Amarilla,18,2021
2021-05-04,L01,9,SGC,Pera Roja,0.0108,Mix,Pera Roja,18,2021
2021-05-04,L01,9,SGC,Pink,0.0216,Mix,Heirloom Cherry,18,2021
2021-05-04,S04,1,SJB,Habanero Rojo,0.084,Mix,Heirloom Cherry,18,2021
2021-05-04,S04,1,SJB,Habanero Tangerina,0.028,Mix,Heirloom Cherry,18,2021
2021-05-04,S04,1,SJB,Honey Bunch,0.112,Mix,Uva Amarilla,18,2021
2021-05-04,S04,1,SJB,Indigo,0.056,Mix,Heirloom Cherry,18,2021
2021-05-04,S04,1,SJB,Pera Amarilla,0.14,Mix,Pera Amarilla,18,2021
2021-05-04,S04,1,SJB,Pera Roja,0.14,Mix,Pera Roja,18,2021
2021-05-04,S04,1,SJB,Tangerina Grape,0.056,Mix,Heirloom Cherry,18,2021
2021-05-04,S04,1,SJB,Tymoty,0.112,Cherry,Cherry Rojo,18,2021
2021-05-04,S04,1,SJB,White,0.084,Mix,Heirloom Cherry,18,2021
2021-05-05,L01,9,SGC,White,0.0216,Mix,Heirloom Cherry,18,2021
2021-05-05,N02,40,OAP,Amsterdam,0.378,Uva,Uva Roja,18,2021
2021-05-05,N02,40,OAP,King,0.036,Uva,Uva Roja,18,2021
2021-05-05,N02,40,OAP,Mistral,0.108,Uva,Uva Roja,18,2021
2021-05-05,N02,40,OAP,Pera Amarilla 2,0.18,Mix,Pera Amarilla,18,2021
2021-05-05,N02,40,OAP,Pink,0.018,Mix,Heirloom Cherry,18,2021
2021-05-05,N02,40,OAP,Prince,0.036,Uva,Uva Roja,18,2021
2021-05-05,N02,40,OAP,Tangerina Grape,0.054,Mix,Heirloom Cherry,18,2021
2021-05-05,N02,41,OAP,Felicity,0.108,Cherry,Cherry Rojo,18,2021
2021-05-05,N02,41,OAP,Pera Roja,0.162,Mix,Pera Roja,18,2021
2021-05-05,N02,41,OAP,Tymoty,0.594,Cherry,Cherry Rojo,18,2021
2021-05-09,S18,10,SLB,Pera Roja,0.16,Mix,Pera Roja,18,2021
2021-05-10,N02,2,OAP,White,0.09,Mix,Heirloom Cherry,19,2021
2021-05-10,N02,2,OAP,Yellow Suzan,0.234,Mix,Uva Amarilla,19,2021
2021-05-14,S04,4,SJB,Indigo,0.045,Mix,Heirloom Cherry,19,2021
2021-05-14,S07,3,SJB,Amaí,0.39,Uva,Uva Roja,19,2021
2021-05-14,S07,3,SJB,Mistral,0.45,Uva,Uva Roja,19,2021
2021-05-14,S07,3,SJB,Pera Amarilla,0.1,Mix,Pera Amarilla,19,2021
2021-05-14,S07,3,SJB,Tymoty,0.42,Cherry,Cherry Rojo,19,2021
2021-05-14,S07,4,SJB,Habanero Rojo,0.045,Mix,Heirloom Cherry,19,2021
2021-05-14,S07,4,SJB,Pera Roja,0.095,Mix,Pera Roja,19,2021
2021-05-14,S07,4,SJB,White,0.05,Mix,Heirloom Cherry,19,2021
2021-05-15,L01,9,SGC,Pera Amarilla,0.0386,Mix,Pera Amarilla,19,2021
2021-05-15,L01,9,SGC,Pink,0.0193,Mix,Heirloom Cherry,19,2021
2021-05-15,L01,9,SGC,White,0.0221,Mix,Heirloom Cherry,19,2021
2021-05-15,L13,1,SGB,Amaí,0.1938,Uva,Uva Roja,19,2021
2021-05-15,L13,1,SGB,Mistral,0.3774,Uva,Uva Roja,19,2021
2021-05-15,L13,4,SGB,Shiren,0.3672,Cherry,Cherry Rojo,19,2021
2021-05-15,L13,6,SGB,Amaí,0.2244,Uva,Uva Roja,19,2021
2021-05-15,L13,6,SGB,Habanero Rojo,0.0816,Mix,Heirloom Cherry,19,2021
2021-05-15,L13,6,SGB,Indigo,0.0408,Mix,Heirloom Cherry,19,2021
2021-05-15,L13,6,SGB,Pera Amarilla,0.051,Mix,Pera Amarilla,19,2021
2021-05-15,L13,6,SGB,Pera Roja,0.051,Mix,Pera Roja,19,2021
2021-05-15,L13,6,SGB,Yellow Suzan,0.0408,Mix,Uva Amarilla,19,2021
2021-05-17,N05,4,SAB,Amsterdam,0.45,Uva,Uva Roja,20,2021
2021-05-17,N05,4,SAB,Mistral,0.486,Uva,Uva Roja,20,2021
2021-05-17,N05,5,SAB,Honey Bunch,0.162,Mix,Uva Amarilla,20,2021
2021-05-17,N05,5,SAB,Indigo,0.072,Mix,Heirloom Cherry,20,2021
2021-05-17,N05,5,SAB,Pera Amarilla,0.162,Mix,Pera Amarilla,20,2021
2021-05-17,N05,5,SAB,Pink,0.036,Mix,Heirloom Cherry,20,2021
2021-05-17,N05,5,SAB,Tymoty,0.378,Cherry,Cherry Rojo,20,2021
2021-05-18,V02,16,VAP,Felicity,0.0916,Cherry,Cherry Rojo,20,2021
2021-05-18,V02,16,VAP,Mistral,0.1603,Uva,Uva Roja,20,2021
2021-05-18,V02,16,VAP,Tymoty,0.0458,Cherry,Cherry Rojo,20,2021
2021-05-22,L10,5,SMR,Amsterdam,0.8037,Uva,Uva Roja,20,2021
2021-05-24,L10,8,SMR,Felicity,0.8037,Cherry,Cherry Rojo,21,2021
2021-05-26,N02,13,OAP,Amsterdam,0.594,Uva,Uva Roja,21,2021
2021-05-26,N02,13,OAP,Felicity,0.198,Cherry,Cherry Rojo,21,2021
2021-05-26,N02,13,OAP,Yellow Suzan,0.072,Mix,Uva Amarilla,21,2021
2021-06-01,S20,6,SFB,Habanero Rojo,0.1663,Mix,Heirloom Cherry,22,2021
2021-06-01,S20,6,SFB,Habanero Tangerina,0.1966,Mix,Heirloom Cherry,22,2021
2021-06-01,S20,6,SFB,Mistral,0.5141,Uva,Uva Roja,22,2021
2021-06-01,S20,6,SFB,Pera Amarilla,0.1512,Mix,Pera Amarilla,22,2021
2021-06-01,S20,7,SFB,Amsterdam,0.3917,Uva,Uva Roja,22,2021
2021-06-01,S20,7,SFB,Indigo,0.0691,Mix,Heirloom Cherry,22,2021
2021-06-01,S20,7,SFB,Mistral,0.0806,Uva,Uva Roja,22,2021
2021-06-01,S20,7,SFB,Pink,0.0461,Mix,Heirloom Cherry,22,2021
2021-06-02,V02,18,VAP,Amaí,0.48,Uva,Uva Roja,22,2021
2021-06-02,V02,22,VAP,Amaí,0.48,Uva,Uva Roja,22,2021
2021-06-02,V02,26,VAP,Amaí,0.96,Uva,Uva Roja,22,2021
2021-06-03,V02,17,VAP,Amaí,0.5832,Uva,Uva Roja,22,2021
2021-06-03,V02,21,VAP,Amaí,0.4536,Uva,Uva Roja,22,2021
2021-06-03,V02,25,VAP,Amaí,1.0206,Uva,Uva Roja,22,2021
2021-06-05,V02,4,VAP,Amaí,0.1699,Uva,Uva Roja,22,2021
2021-06-05,V02,4,VAP,Pink,0.1322,Mix,Heirloom Cherry,22,2021
2021-06-05,V02,5,VAP,C6-271,0.0566,Uva,Uva Roja,22,2021
2021-06-05,V02,5,VAP,Habanero Rojo,0.2077,Mix,Heirloom Cherry,22,2021
2021-06-05,V02,5,VAP,Habanero Tangerina,0.0378,Mix,Heirloom Cherry,22,2021
2021-06-05,V02,5,VAP,King,0.0755,Uva,Uva Roja,22,2021
2021-06-05,V02,5,VAP,Monaco,0.0944,Uva,Uva Roja,22,2021
2021-06-05,V02,5,VAP,Prince,0.0566,Uva,Uva Roja,22,2021
2021-06-05,V02,5,VAP,Red Paradise,0.0566,Uva,Uva Roja,22,2021
2021-06-08,S21,1,SFB,Honey Bunch,0.1652,Mix,Uva Amarilla,23,2021
2021-06-08,S21,1,SFB,Pera Roja,0.1377,Mix,Pera Roja,23,2021
2021-06-08,S21,1,SFB,Shiren,0.2203,Cherry,Cherry Rojo,23,2021
2021-06-08,S21,1,SFB,White,0.0275,Mix,Heirloom Cherry,23,2021
2021-06-08,S21,2,SFB,Tymoty,0.9709,Cherry,Cherry Rojo,23,2021
2021-06-10,S29,5,SMB,Amaí,1.05,Uva,Uva Roja,23,2021
2021-06-10,V02,8,VAP,Pera Amarilla,0.3456,Mix,Pera Amarilla,23,2021
2021-06-10,V02,8,VAP,Pera Roja,0.384,Mix,Pera Roja,23,2021
2021-06-10,V02,9,VAP,Honey Bunch,0.114,Mix,Uva Amarilla,23,2021
2021-06-10,V02,9,VAP,Tangerina Grape,0.133,Mix,Heirloom Cherry,23,2021
2021-06-10,V02,9,VAP,White,0.114,Mix,Heirloom Cherry,23,2021
2021-06-11,S07,4,SJB,Amaí,0.3444,Uva,Uva Roja,23,2021
2021-06-11,S16,2,SJB,Amaí,0.4756,Uva,Uva Roja,23,2021
2021-06-11,S16,2,SJB,Mistral,0.4958,Uva,Uva Roja,23,2021
2021-06-11,S29,4,SMB,Habanero Rojo,0.042,Mix,Heirloom Cherry,23,2021
2021-06-11,S29,4,SMB,Habanero Tangerina,0.042,Mix,Heirloom Cherry,23,2021
2021-06-11,S29,4,SMB,Honey Bunch,0.112,Mix,Uva Amarilla,23,2021
2021-06-11,S29,4,SMB,Indigo,0.042,Mix,Heirloom Cherry,23,2021
2021-06-11,S29,4,SMB,Pera Amarilla,0.112,Mix,Pera Amarilla,23,2021
2021-06-11,S29,4,SMB,Pink,0.028,Mix,Heirloom Cherry,23,2021
2021-06-11,S29,4,SMB,Shiren,0.21,Cherry,Cherry Rojo,23,2021
2021-06-11,S29,4,SMB,Tymoty,0.294,Cherry,Cherry Rojo,23,2021
2021-06-11,S29,4,SMB,White,0.028,Mix,Heirloom Cherry,23,2021
2021-06-12,S16,3,SJB,Mistral,0.324,Uva,Uva Roja,23,2021
2021-06-12,S16,3,SJB,Tymoty,0.598,Cherry,Cherry Rojo,23,2021
2021-06-12,V02,9,VAP,Amsterdam,0.095,Uva,Uva Roja,23,2021
2021-06-12,V02,9,VAP,Habanero Rojo,0.076,Mix,Heirloom Cherry,23,2021
2021-06-12,V02,9,VAP,Indigo,0.076,Mix,Heirloom Cherry,23,2021
2021-06-12,V02,9,VAP,King,0.019,Uva,Uva Roja,23,2021
2021-06-12,V02,9,VAP,Pera Amarilla,0.038,Mix,Pera Amarilla,23,2021
2021-06-12,V02,9,VAP,Pink,0.057,Mix,Heirloom Cherry,23,2021
2021-06-12,V02,9,VAP,White,0.057,Mix,Heirloom Cherry,23,2021
2021-06-14,S16,3,SJB,Habanero Rojo,0.1,Mix,Heirloom Cherry,24,2021
2021-06-14,S16,3,SJB,Habanero Tangerina,0.112,Mix,Heirloom Cherry,24,2021
2021-06-14,S16,3,SJB,Honey Bunch,0.1,Mix,Uva Amarilla,24,2021
2021-06-14,S16,3,SJB,Pera Amarilla,0.096,Mix,Pera Amarilla,24,2021
2021-06-14,S16,3,SJB,Pera Roja,0.1,Mix,Pera Roja,24,2021
2021-06-14,S16,3,SJB,Pink,0.0625,Mix,Heirloom Cherry,24,2021
2021-06-14,S16,3,SJB,Tangerina Grape,0.0624,Mix,Heirloom Cherry,24,2021
2021-06-14,S16,3,SJB,White,0.0624,Mix,Heirloom Cherry,24,2021
2021-06-16,S09,6,SGC,Amsterdam,0.9435,Uva,Uva Roja,24,2021
2021-06-16,S09,8,SGC,Amsterdam,0.4625,Uva,Uva Roja,24,2021
2021-06-16,S09,8,SGC,Felicity,0.0555,Cherry,Cherry Rojo,24,2021
2021-06-16,S09,8,SGC,Tymoty,0.407,Cherry,Cherry Rojo,24,2021
2021-06-17,S20,1,SFB,Amaí,0.531,Uva,Uva Roja,24,2021
2021-06-17,S20,1,SFB,Honey Bunch,0.018,Mix,Uva Amarilla,24,2021
2021-06-21,N02,9,OAP,Amsterdam,0.018,Uva,Uva Roja,25,2021
2021-06-21,N02,9,OAP,Amsterdam,0.09,Uva,Uva Roja,25,2021
2021-06-21,N02,9,OAP,Habanero Rojo,0.108,Mix,Heirloom Cherry,25,2021
2021-06-21,N02,9,OAP,Habanero Tangerina,0.108,Mix,Heirloom Cherry,25,2021
2021-06-21,N02,9,OAP,Pera Amarilla 2,0.126,Mix,Pera Amarilla,25,2021
2021-06-21,N02,9,OAP,Pera Roja,0.054,Mix,Pera Roja,25,2021
2021-06-21,N02,9,OAP,Pera Roja,0.126,Mix,Pera Roja,25,2021
2021-06-21,N02,9,OAP,Pink,0.054,Mix,Heirloom Cherry,25,2021
2021-06-21,N02,9,OAP,Tangerina Grape,0.036,Mix,Heirloom Cherry,25,2021
2021-06-21,N02,9,OAP,Tymoty,0.09,Cherry,Cherry Rojo,25,2021
2021-06-21,N02,9,OAP,White,0.036,Mix,Heirloom Cherry,25,2021
2021-06-21,N02,9,OAP,Yellow Suzan,0.09,Mix,Uva Amarilla,25,2021
2021-06-21,N02,16,OAP,Amsterdam,0.558,Uva,Uva Roja,25,2021
2021-06-21,N02,16,OAP,Shiren,0.198,Cherry,Cherry Rojo,25,2021
2021-06-21,N02,16,OAP,Tymoty,0.216,Cherry,Cherry Rojo,25,2021
2021-06-21,N05,51,SAB,Amaí,0.68,Uva,Uva Roja,25,2021
2021-06-21,N05,51,SAB,Tymoty,0.9,Cherry,Cherry Rojo,25,2021
2021-06-21,N05,52,SAB,Habanero Tangerina,0.27,Mix,Heirloom Cherry,25,2021
2021-06-21,N05,52,SAB,Honey Bunch,0.234,Mix,Uva Amarilla,25,2021
2021-06-21,N05,52,SAB,Mistral,0.432,Uva,Uva Roja,25,2021
2021-06-21,N05,52,SAB,Pera Amarilla,0.252,Mix,Pera Amarilla,25,2021
2021-06-21,N05,52,SAB,Pera Roja,0.234,Mix,Pera Roja,25,2021
2021-06-21,N05,60,SAB,Amaí,0.216,Uva,Uva Roja,25,2021
2021-06-21,N05,60,SAB,Mistral,0.432,Uva,Uva Roja,25,2021
2021-06-24,S05,11,SGB,Indigo,0.0408,Mix,Heirloom Cherry,25,2021
2021-06-24,S05,11,SGB,Shiren,0.2142,Cherry,Cherry Rojo,25,2021
2021-06-25,S11,11,SGB,Amaí,0.459,Uva,Uva Roja,25,2021
2021-06-25,S11,12,SGB,Mistral,0.459,Uva,Uva Roja,25,2021
2021-06-26,S11,5,SGB,Pera Roja,0.0612,Mix,Pera Roja,25,2021
2021-06-26,S11,5,SGB,Pink,0.051,Mix,Heirloom Cherry,25,2021
2021-06-26,S11,5,SGB,White,0.051,Mix,Heirloom Cherry,25,2021
2021-06-26,S11,6,SGB,Amaí,0.0714,Uva,Uva Roja,25,2021
2021-06-26,S11,6,SGB,Habanero Rojo,0.0714,Mix,Heirloom Cherry,25,2021
2021-06-26,S11,6,SGB,Habanero Tangerina,0.0714,Mix,Heirloom Cherry,25,2021
2021-06-26,S11,6,SGB,Pera Amarilla,0.0816,Mix,Pera Amarilla,25,2021
2021-06-26,S11,6,SGB,Pera Roja,0.0714,Mix,Pera Roja,25,2021
2021-06-26,S11,6,SGB,Yellow Suzan,0.0714,Mix,Uva Amarilla,25,2021
2021-06-28,N02,7,OAP,Amsterdam,0.594,Uva,Uva Roja,26,2021
2021-06-28,N02,7,OAP,Tymoty,0.072,Cherry,Cherry Rojo,26,2021
2021-06-29,N02,8,OAP,Shiren,0.198,Cherry,Cherry Rojo,26,2021
2021-06-29,N02,66,OAP,Pink,0.054,Mix,Heirloom Cherry,26,2021
2021-06-30,N02,66,OAP,Amsterdam,0.036,Uva,Uva Roja,26,2021
2021-06-30,N02,66,OAP,Habanero Rojo,0.108,Mix,Heirloom Cherry,26,2021
2021-06-30,N02,66,OAP,Habanero Tangerina,0.126,Mix,Heirloom Cherry,26,2021
2021-06-30,N02,66,OAP,Honey Bunch,0.108,Mix,Uva Amarilla,26,2021
2021-06-30,N02,66,OAP,Indigo,0.054,Mix,Heirloom Cherry,26,2021
2021-06-30,N02,66,OAP,Tangerina Grape,0.072,Mix,Heirloom Cherry,26,2021
2021-06-30,N02,66,OAP,White,0.054,Mix,Heirloom Cherry,26,2021
2021-06-30,N02,67,OAP,Amsterdam,0.018,Uva,Uva Roja,26,2021
2021-06-30,N02,67,OAP,Pera Amarilla 2,0.072,Mix,Pera Amarilla,26,2021
2021-06-30,N02,67,OAP,Pera Roja,0.108,Mix,Pera Roja,26,2021
2021-06-30,N02,67,OAP,Shiren,0.54,Cherry,Cherry Rojo,26,2021
2021-07-03,V02,33,VAP,Amaí,1.1024,Uva,Uva Roja,26,2021
2021-07-03,V02,34,VAP,Amaí,0.406,Uva,Uva Roja,26,2021
2021-07-03,V02,35,VAP,Amaí,0.9424,Uva,Uva Roja,26,2021
2021-07-03,V02,37,VAP,Amaí,0.392,Uva,Uva Roja,26,2021
2021-07-06,N05,53,SAB,Amaí,0.396,Uva,Uva Roja,27,2021
2021-07-06,N05,53,SAB,Honey Bunch,0.18,Mix,Uva Amarilla,27,2021
2021-07-06,N05,53,SAB,Indigo,0.036,Mix,Heirloom Cherry,27,2021
2021-07-06,N05,53,SAB,Pera Amarilla,0.144,Mix,Pera Amarilla,27,2021
2021-07-06,N05,53,SAB,Pera Roja,0.144,Mix,Pera Roja,27,2021
2021-07-06,N05,53,SAB,Tymoty,0.63,Cherry,Cherry Rojo,27,2021
2021-07-06,N05,58,SAB,Amaí,0.63,Uva,Uva Roja,27,2021
2021-07-12,V02,38,VAP,Amaí,0.3726,Uva,Uva Roja,28,2021
2021-07-13,V02,38,VAP,Tymoty,0.0138,Cherry,Cherry Rojo,28,2021
2021-07-13,V02,39,VAP,Habanero Rojo,0.1896,Mix,Heirloom Cherry,28,2021
2021-07-13,V02,39,VAP,Pera Amarilla 2,0.1896,Mix,Pera Amarilla,28,2021
2021-07-13,V02,39,VAP,Pink,0.079,Mix,Heirloom Cherry,28,2021
2021-07-13,V02,40,VAP,Tymoty,0.544,Cherry,Cherry Rojo,28,2021
2021-07-13,V02,41,VAP,Habanero Rojo,0.1694,Mix,Heirloom Cherry,28,2021
2021-07-13,V02,41,VAP,Pera Roja,0.2926,Mix,Pera Roja,28,2021
2021-07-13,V02,41,VAP,Yellow Suzan,0.154,Mix,Uva Amarilla,28,2021
2021-07-13,V02,42,VAP,Habanero Tangerina,0.1368,Mix,Heirloom Cherry,28,2021
2021-07-13,V02,42,VAP,Tangerina Grape,0.0912,Mix,Heirloom Cherry,28,2021
2021-07-13,V02,42,VAP,White,0.0912,Mix,Heirloom Cherry,28,2021
2021-07-13,V02,44,VAP,Habanero Tangerina,0.2464,Mix,Heirloom Cherry,28,2021
2021-07-13,V02,44,VAP,Yellow Suzan,0.1232,Mix,Uva Amarilla,28,2021
2021-07-15,S20,2,SFB,Amaí,0.2574,Uva,Uva Roja,28,2021
2021-07-15,S20,2,SFB,Shiren,0.495,Cherry,Cherry Rojo,28,2021
2021-07-19,N05,59,SAB,Habanero Rojo,0.018,Mix,Heirloom Cherry,29,2021
2021-07-19,N05,59,SAB,Habanero Tangerina,0.054,Mix,Heirloom Cherry,29,2021
2021-07-19,N05,59,SAB,Pink,0.054,Mix,Heirloom Cherry,29,2021
2021-07-19,N05,59,SAB,White,0.054,Mix,Heirloom Cherry,29,2021
2021-07-19,S07,15,SJB,Habanero Rojo,0.12,Mix,Heirloom Cherry,29,2021
2021-07-19,S07,15,SJB,Habanero Tangerina,0.1,Mix,Heirloom Cherry,29,2021
2021-07-19,S07,15,SJB,Honey Bunch,0.1,Mix,Uva Amarilla,29,2021
2021-07-19,S07,15,SJB,Indigo,0.06,Mix,Heirloom Cherry,29,2021
2021-07-19,S07,15,SJB,Pera Amarilla,0.1,Mix,Pera Amarilla,29,2021
2021-07-19,S07,15,SJB,Pera Roja,0.1,Mix,Pera Roja,29,2021
2021-07-19,S07,15,SJB,Pink,0.06,Mix,Heirloom Cherry,29,2021
2021-07-19,S07,15,SJB,Tangerina Grape,0.075,Mix,Heirloom Cherry,29,2021
2021-07-19,S07,15,SJB,Tymoty,0.55,Cherry,Cherry Rojo,29,2021
2021-07-19,S07,15,SJB,White,0.025,Mix,Heirloom Cherry,29,2021
2021-07-19,S07,17,SJB,Amaí,0.57,Uva,Uva Roja,29,2021
2021-07-19,S07,17,SJB,C6-271,0.06,Uva,Uva Roja,29,2021
2021-07-19,S07,17,SJB,Mistral,0.39,Uva,Uva Roja,29,2021
2021-07-22,M09,16,MAP,Mistral,0.1152,Uva,Uva Roja,29,2021
2021-07-22,S16,3,SJB,White,0.0498,Mix,Heirloom Cherry,29,2021
2021-07-28,L10,4,SMR,Amsterdam,0.7695,Uva,Uva Roja,30,2021
2021-07-28,L10,9,SMR,Amsterdam,0.4446,Uva,Uva Roja,30,2021
2021-07-28,L10,9,SMR,Honey Bunch,0.171,Mix,Uva Amarilla,30,2021
2021-07-28,L10,9,SMR,Pink,0.1796,Mix,Heirloom Cherry,30,2021
2021-07-31,V02,1,VAP,Amaí,1.2614,Uva,Uva Roja,30,2021
2021-07-31,V02,30,VAP,Amaí,1.2012,Uva,Uva Roja,30,2021
2021-08-01,V02,36,VAP,Amaí,0.138,Uva,Uva Roja,30,2021
2021-08-01,V02,36,VAP,King,0.437,Uva,Uva Roja,30,2021
2021-08-01,V02,36,VAP,Prince,0.322,Uva,Uva Roja,30,2021
2021-08-01,V02,36,VAP,Tymoty,0.644,Cherry,Cherry Rojo,30,2021
2021-08-01,V02,45,VAP,King,0.2544,Uva,Uva Roja,30,2021
2021-08-01,V02,45,VAP,Pera Roja,0.0954,Mix,Pera Roja,30,2021
2021-08-01,V02,45,VAP,Tymoty,0.0848,Cherry,Cherry Rojo,30,2021
2021-08-02,S23,10,SJB,Amaí,0.7854,Uva,Uva Roja,31,2021
2021-08-02,S23,10,SJB,Mistral,0.6908,Uva,Uva Roja,31,2021
2021-08-02,S23,10,SJB,Tymoty,0.175,Cherry,Cherry Rojo,31,2021
2021-08-03,S23,9,SJB,Pera Roja,0.096,Mix,Pera Roja,31,2021
2021-08-07,S23,7,SJB,Honey Bunch,0.096,Mix,Uva Amarilla,31,2021
2021-08-07,S23,7,SJB,Indigo,0.072,Mix,Heirloom Cherry,31,2021
2021-08-07,S23,7,SJB,Pink,0.14,Mix,Heirloom Cherry,31,2021
2021-08-07,S23,7,SJB,Tangerina Grape,0.056,Mix,Heirloom Cherry,31,2021
2021-08-07,S23,7,SJB,White,0.056,Mix,Heirloom Cherry,31,2021
2021-08-07,V02,42,VAP,Indigo,0.1976,Mix,Heirloom Cherry,31,2021
2021-08-07,V02,42,VAP,Pera Amarilla 2,0.152,Mix,Pera Amarilla,31,2021
2021-08-07,V02,43,VAP,Pera Amarilla 2,0.2552,Mix,Pera Amarilla,31,2021
2021-08-10,V02,31,VAP,Habanero Rojo,0.216,Mix,Heirloom Cherry,32,2021
2021-08-10,V02,31,VAP,Habanero Tangerina,0.18,Mix,Heirloom Cherry,32,2021
2021-08-10,V02,31,VAP,Honey Bunch,0.27,Mix,Uva Amarilla,32,2021
2021-08-10,V02,31,VAP,Indigo,0.18,Mix,Heirloom Cherry,32,2021
2021-08-10,V02,31,VAP,Limoncito,0.054,Mix,Cherry Amarillo,32,2021
2021-08-10,V02,31,VAP,Mistral,0.054,Uva,Uva Roja,32,2021
2021-08-10,V02,31,VAP,Pink,0.27,Mix,Heirloom Cherry,32,2021
2021-08-10,V02,31,VAP,Top 2405,0.144,Mix,Cherry Amarillo,32,2021
2021-08-10,V02,31,VAP,White,0.198,Mix,Heirloom Cherry,32,2021
2021-08-14,L01,3,SGC,Honey Bunch,0.287,Mix,Uva Amarilla,32,2021
2021-08-14,L01,3,SGC,Pera Amarilla,0.2392,Mix,Pera Amarilla,32,2021
2021-08-14,L01,3,SGC,Pera Roja,0.4914,Mix,Pera Roja,32,2021
2021-08-16,L10,2,SMR,Tymoty,0.5814,Cherry,Cherry Rojo,33,2021
2021-08-16,V02,52,VAP,Limoncito,0.032,Mix,Cherry Amarillo,33,2021
2021-08-16,V02,52,VAP,Pera Amarilla 2,0.032,Mix,Pera Amarilla,33,2021
2021-08-16,V02,52,VAP,Pera Roja,0.08,Mix,Pera Roja,33,2021
2021-08-16,V02,52,VAP,Pink,0.016,Mix,Heirloom Cherry,33,2021
2021-08-16,V02,52,VAP,Tangerina Grape,0.08,Mix,Heirloom Cherry,33,2021
2021-08-16,V02,52,VAP,Top 2200,0.048,Mix,Cherry Naranja,33,2021
2021-08-16,V02,52,VAP,Yellow Jelly Bean,0.016,Mix,Uva Amarilla,33,2021
2021-08-28,S27,8,SGB,Amaí,0.2652,Uva,Uva Roja,34,2021
2021-08-28,S27,8,SGB,Tymoty,0.3366,Cherry,Cherry Rojo,34,2021
2021-09-01,S25,1,SGB,Amaí,0.1632,Uva,Uva Roja,35,2021
2021-09-01,S25,1,SGB,Mistral,0.3672,Uva,Uva Roja,35,2021
2021-09-07,S25,5,SGB,Habanero Tangerina,0.051,Mix,Heirloom Cherry,36,2021
2021-09-07,S25,5,SGB,Honey Bunch,0.0918,Mix,Uva Amarilla,36,2021
2021-09-07,S25,5,SGB,Indigo,0.0306,Mix,Heirloom Cherry,36,2021
2021-09-07,S25,5,SGB,Tangerina Grape,0.0306,Mix,Heirloom Cherry,36,2021
2021-09-07,S25,5,SGB,White,0.0408,Mix,Heirloom Cherry,36,2021
2022-03-01,S20,4,SFB,King,0.4,Uva,Uva Roja,9,2022
2022-03-01,S20,4,SFB,Mistral,0.6,Uva,Uva Roja,9,2022
2022-03-01,S20,5,SFB,Mistral,0.26,Uva,Uva Roja,9,2022
2022-03-01,S20,5,SFB,Shiren,0.56,Cherry,Cherry Rojo,9,2022
2022-03-01,S20,7,SFB,Mistral,0.16,Uva,Uva Roja,9,2022
2022-03-12,V02,12,VAP,Tymoty,0.44,Cherry,Cherry Rojo,10,2022
2022-03-12,V02,13,VAP,Tymoty,0.4872,Cherry,Cherry Rojo,10,2022
2022-03-12,V02,15,VAP,King,0.4104,Uva,Uva Roja,10,2022
2022-03-12,V02,28,VAP,Amaí,0.2464,Uva,Uva Roja,10,2022
2022-03-16,S30,5,SAB,Tymoty,0.288,Cherry,Cherry Rojo,11,2022
2022-03-16,V02,16,VAP,Pera Amarilla,0.2977,Mix,Pera Amarilla,11,2022
2022-03-16,V02,16,VAP,Pera Roja,0.5038,Mix,Pera Roja,11,2022
2022-03-16,V02,20,VAP,Habanero Rojo,0.112,Mix,Heirloom Cherry,11,2022
2022-03-16,V02,20,VAP,Habanero Tangerina,0.1568,Mix,Heirloom Cherry,11,2022
2022-03-16,V02,20,VAP,Honey Bunch,0.2912,Mix,Uva Amarilla,11,2022
2022-03-16,V02,20,VAP,Pera Amarilla,0.0448,Mix,Pera Amarilla,11,2022
2022-03-16,V02,20,VAP,Tangerina Grape,0.1344,Mix,Heirloom Cherry,11,2022
2022-03-16,V02,20,VAP,White,0.1792,Mix,Heirloom Cherry,11,2022
2022-03-17,S25,3,SGB,Amaí,0.1938,Uva,Uva Roja,11,2022
2022-03-17,S25,3,SGB,King,0.0204,Uva,Uva Roja,11,2022
2022-03-17,S25,3,SGB,Tymoty,0.1938,Cherry,Cherry Rojo,11,2022
2022-03-17,S27,2,SGB,King,0.0816,Uva,Uva Roja,11,2022
2022-03-21,S25,4,SGB,Habanero Rojo,0.051,Mix,Heirloom Cherry,12,2022
2022-03-21,S25,4,SGB,Habanero Tangerina,0.051,Mix,Heirloom Cherry,12,2022
2022-03-21,S25,4,SGB,Honey Bunch,0.0612,Mix,Uva Amarilla,12,2022
2022-03-21,S25,4,SGB,Pera Amarilla,0.0408,Mix,Pera Amarilla,12,2022
2022-03-21,S25,4,SGB,Pera Roja,0.0408,Mix,Pera Roja,12,2022
2022-03-21,S25,4,SGB,Pink,0.0306,Mix,Heirloom Cherry,12,2022
2022-03-21,S25,4,SGB,Tangerina Grape,0.0408,Mix,Heirloom Cherry,12,2022
2022-03-21,S25,4,SGB,Tymoty,0.102,Cherry,Cherry Rojo,12,2022
2022-03-23,L10,3,SMR,Amsterdam,0.5643,Uva,Uva Roja,12,2022
2022-03-23,L10,7,SMR,Amsterdam,0.3933,Uva,Uva Roja,12,2022
2022-03-23,L10,7,SMR,Tymoty,0.4703,Cherry,Cherry Rojo,12,2022
2022-03-24,S30,1,SAB,Habanero Rojo,0.096,Mix,Heirloom Cherry,12,2022
2022-03-24,S30,1,SAB,Habanero Tangerina,0.096,Mix,Heirloom Cherry,12,2022
2022-03-24,S30,1,SAB,Indigo,0.048,Mix,Heirloom Cherry,12,2022
2022-03-24,S30,1,SAB,Pera Roja,0.08,Mix,Pera Roja,12,2022
2022-03-24,S30,1,SAB,White,0.048,Mix,Heirloom Cherry,12,2022
2022-03-24,S30,2,SAB,Indigo,0.016,Mix,Heirloom Cherry,12,2022
2022-03-24,S30,2,SAB,King,0.32,Uva,Uva Roja,12,2022
2022-03-24,S30,2,SAB,Mistral,0.432,Uva,Uva Roja,12,2022
2022-03-24,S30,2,SAB,Prince,0.176,Uva,Uva Roja,12,2022
2022-03-24,S30,5,SAB,Amaí,0.368,Uva,Uva Roja,12,2022
2022-03-24,S30,5,SAB,Amsterdam,0.336,Uva,Uva Roja,12,2022
2022-03-24,S30,5,SAB,Honey Bunch,0.048,Mix,Uva Amarilla,12,2022
2022-03-24,S30,5,SAB,Mistral,0.416,Uva,Uva Roja,12,2022
2022-03-24,S30,5,SAB,Pera Amarilla,0.192,Mix,Pera Amarilla,12,2022
2022-03-24,S30,5,SAB,Pink,0.048,Mix,Heirloom Cherry,12,2022
2022-03-24,S30,5,SAB,Tangerina Grape,0.112,Mix,Heirloom Cherry,12,2022
2022-03-25,S06,2,SMB,Amaí,0.94,Uva,Uva Roja,12,2022
2022-03-25,S06,3,SMB,Habanero Rojo,0.036,Mix,Heirloom Cherry,12,2022
2022-03-25,S06,3,SMB,Habanero Tangerina,0.036,Mix,Heirloom Cherry,12,2022
2022-03-25,S06,3,SMB,Indigo,0.036,Mix,Heirloom Cherry,12,2022
2022-03-25,S06,3,SMB,Pera Amarilla,0.072,Mix,Pera Amarilla,12,2022
2022-03-25,S06,3,SMB,Pera Roja,0.072,Mix,Pera Roja,12,2022
2022-03-25,S06,3,SMB,Shiren,0.234,Cherry,Cherry Rojo,12,2022
2022-03-25,S06,3,SMB,Tangerina Grape,0.036,Mix,Heirloom Cherry,12,2022
2022-03-25,S06,3,SMB,Tymoty,0.234,Cherry,Cherry Rojo,12,2022
2022-03-25,S06,3,SMB,Yellow Suzan,0.072,Mix,Uva Amarilla,12,2022
2022-03-26,L01,3,SGC,Amaí,0.8096,Uva,Uva Roja,12,2022
2022-03-26,V02,24,VAP,Honey Bunch,0.0938,Mix,Uva Amarilla,12,2022
2022-03-26,V02,24,VAP,Tymoty,0.3886,Cherry,Cherry Rojo,12,2022
2022-04-01,N02,41,OAP,Amaí,0.036,Uva,Uva Roja,13,2022
2022-04-01,N02,41,OAP,Amsterdam,0.27,Uva,Uva Roja,13,2022
2022-04-01,N02,41,OAP,King,0.522,Uva,Uva Roja,13,2022
2022-04-01,N02,41,OAP,Monaco,0.018,Uva,Uva Roja,13,2022
2022-04-01,N02,42,OAP,Tymoty,0.846,Cherry,Cherry Rojo,13,2022
2022-04-01,S04,2,SJB,Amaí,0.451,Uva,Uva Roja,13,2022
2022-04-01,S04,2,SJB,Tymoty,0.533,Cherry,Cherry Rojo,13,2022
2022-04-02,S04,3,SJB,Amaí,0.984,Uva,Uva Roja,13,2022
2022-04-04,S07,7,SFB,Honey Bunch,0.086,Mix,Uva Amarilla,14,2022
2022-04-04,S07,7,SFB,Pera Amarilla,0.1376,Mix,Pera Amarilla,14,2022
2022-04-04,S07,7,SFB,Pink,0.0516,Mix,Heirloom Cherry,14,2022
2022-04-04,S07,7,SFB,Tymoty,0.28,Cherry,Cherry Rojo,14,2022
2022-04-04,S07,7,SFB,White,0.0688,Mix,Heirloom Cherry,14,2022
2022-04-04,S07,8,SFB,Amsterdam,0.4108,Uva,Uva Roja,14,2022
2022-04-04,S07,8,SFB,Habanero Rojo,0.079,Mix,Heirloom Cherry,14,2022
2022-04-04,S07,8,SFB,Habanero Tangerina,0.079,Mix,Heirloom Cherry,14,2022
2022-04-04,S07,8,SFB,Pera Roja,0.158,Mix,Pera Roja,14,2022
2022-04-06,L01,5,SGC,Amaí,0.0683,Uva,Uva Roja,14,2022
2022-04-06,L01,5,SGC,Habanero Rojo,0.4875,Mix,Heirloom Cherry,14,2022
2022-04-06,L01,5,SGC,Habanero Tangerina,0.0488,Mix,Heirloom Cherry,14,2022
2022-04-06,L01,5,SGC,Pink,0.0488,Mix,Heirloom Cherry,14,2022
2022-04-06,L01,5,SGC,Tymoty,0.3218,Cherry,Cherry Rojo,14,2022
2022-04-06,L10,3,SMR,Limoncito,0.077,Mix,Cherry Amarillo,14,2022
2022-04-06,L10,3,SMR,Pera Amarilla,0.0342,Mix,Pera Amarilla,14,2022
2022-04-06,L10,3,SMR,Pera Roja,0.0342,Mix,Pera Roja,14,2022
2022-04-06,L10,3,SMR,Top 2200,0.0513,Mix,Cherry Naranja,14,2022
2022-04-06,L10,3,SMR,Top 2405,0.0684,Mix,Cherry Amarillo,14,2022
2022-04-06,M09,11,MAP,King,0.024,Uva,Uva Roja,14,2022
2022-04-06,M09,11,MAP,Limoncito,0.064,Mix,Cherry Amarillo,14,2022
2022-04-06,M09,11,MAP,Monaco,0.064,Uva,Uva Roja,14,2022
2022-04-06,M09,11,MAP,Santiyellow,0.064,Mix,Uva Amarilla,14,2022
2022-04-06,M09,11,MAP,Top 2200,0.096,Mix,Cherry Naranja,14,2022
2022-04-06,M09,11,MAP,Top 2323,0.096,Mix,Cherry Rosa,14,2022
2022-04-06,M09,11,MAP,Top 2405,0.096,Mix,Cherry Amarillo,14,2022
2022-04-12,V02,6,VAP,Tymoty,0.8192,Cherry,Cherry Rojo,15,2022
2022-04-12,V02,7,VAP,Mistral,0.6832,Uva,Uva Roja,15,2022
2022-04-12,V02,7,VAP,Pera Amarilla,0.0707,Mix,Pera Amarilla,15,2022
2022-04-12,V02,10,VAP,Habanero Rojo,0.1208,Mix,Heirloom Cherry,15,2022
2022-04-12,V02,10,VAP,Habanero Tangerina,0.1208,Mix,Heirloom Cherry,15,2022
2022-04-12,V02,10,VAP,Honey Bunch,0.302,Mix,Uva Amarilla,15,2022
2022-04-12,V02,11,VAP,Pera Amarilla,0.306,Mix,Pera Amarilla,15,2022
2022-04-12,V02,11,VAP,Pera Roja,0.357,Mix,Pera Roja,15,2022
2022-04-14,S06,1,SMB,Amaí,0.16,Uva,Uva Roja,15,2022
2022-04-14,V02,4,VAP,King,0.3587,Uva,Uva Roja,15,2022
2022-04-14,V02,4,VAP,Mistral,0.3776,Uva,Uva Roja,15,2022
2022-04-14,V02,5,VAP,Limoncito,0.151,Mix,Cherry Amarillo,15,2022
2022-04-14,V02,5,VAP,Top 2200,0.1133,Mix,Cherry Naranja,15,2022
2022-04-14,V02,5,VAP,Top 2323,0.1133,Mix,Cherry Rosa,15,2022
2022-04-14,V02,5,VAP,Top 2405,0.1133,Mix,Cherry Amarillo,15,2022
2022-04-14,V02,5,VAP,Tymoty,0.151,Cherry,Cherry Rojo,15,2022
2022-04-14,V02,10,VAP,Tymoty,0.1812,Cherry,Cherry Rojo,15,2022
2022-04-15,V02,22,VAP,King,0.352,Uva,Uva Roja,15,2022
2022-04-15,V02,26,VAP,King,0.96,Uva,Uva Roja,15,2022
2022-04-18,N02,16,OAP,Amaí,0.09,Uva,Uva Roja,16,2022
2022-04-18,N02,16,OAP,King,0.306,Uva,Uva Roja,16,2022
2022-04-18,N02,16,OAP,Santiyellow,0.09,Mix,Uva Amarilla,16,2022
2022-04-18,N02,16,OAP,Tymoty,0.45,Cherry,Cherry Rojo,16,2022
2022-04-18,N02,40,OAP,Pera Amarilla,0.252,Mix,Pera Amarilla,16,2022
2022-04-18,N02,40,OAP,Pera Roja,0.27,Mix,Pera Roja,16,2022
2022-04-18,N02,40,OAP,Tymoty,0.252,Cherry,Cherry Rojo,16,2022
2022-04-20,L01,9,SGC,Honey Bunch,0.3744,Mix,Uva Amarilla,16,2022
2022-04-20,L01,9,SGC,Pera Amarilla,0.2808,Mix,Pera Amarilla,16,2022
2022-04-20,L01,9,SGC,Pera Roja,0.3042,Mix,Pera Roja,16,2022
2022-04-20,L01,9,SGC,Tangerina Grape,0.234,Mix,Heirloom Cherry,16,2022
2022-04-21,S04,6,SJB,Amaí,0.7488,Uva,Uva Roja,16,2022
2022-04-21,S04,6,SJB,Mistral,0.272,Uva,Uva Roja,16,2022
2022-04-22,S04,7,SJB,King,0.1,Uva,Uva Roja,16,2022
2022-04-22,S04,7,SJB,Mistral,0.2992,Uva,Uva Roja,16,2022
2022-04-22,S04,7,SJB,Prince,0.1,Uva,Uva Roja,16,2022
2022-04-22,S04,7,SJB,Tymoty,0.3304,Cherry,Cherry Rojo,16,2022
2022-04-22,S04,8,SJB,Habanero Rojo,0.125,Mix,Heirloom Cherry,16,2022
2022-04-22,S04,8,SJB,Habanero Tangerina,0.125,Mix,Heirloom Cherry,16,2022
2022-04-22,S04,8,SJB,Pink,0.0744,Mix,Heirloom Cherry,16,2022
2022-04-22,S04,8,SJB,Tangerina Grape,0.075,Mix,Heirloom Cherry,16,2022
2022-04-22,S04,8,SJB,Tymoty,0.3068,Cherry,Cherry Rojo,16,2022
2022-04-23,L13,5,SGB,Habanero Rojo,0.0408,Mix,Heirloom Cherry,16,2022
2022-04-23,L13,5,SGB,Habanero Tangerina,0.0612,Mix,Heirloom Cherry,16,2022
2022-04-23,L13,5,SGB,King,0.102,Uva,Uva Roja,16,2022
2022-04-23,L13,5,SGB,Pink,0.0408,Mix,Heirloom Cherry,16,2022
2022-04-23,L13,5,SGB,Prince,0.1224,Uva,Uva Roja,16,2022
2022-04-23,L13,5,SGB,Tangerina Grape,0.0306,Mix,Heirloom Cherry,16,2022
2022-04-23,L13,5,SGB,Top 2200,0.0306,Mix,Cherry Naranja,16,2022
2022-04-23,L13,5,SGB,Top 2405,0.0306,Mix,Heirloom Cherry,16,2022
2022-04-23,L13,5,SGB,Tymoty,0.1734,Cherry,Cherry Rojo,16,2022
2022-04-23,L13,8,SGB,Amaí,0.1224,Uva,Uva Roja,16,2022
2022-04-23,L13,8,SGB,Mistral,0.2652,Uva,Uva Roja,16,2022
2022-04-23,V02,18,VAP,Prince,0.368,Uva,Uva Roja,16,2022
2022-04-23,V02,18,VAP,Santiyellow,0.112,Mix,Uva Amarilla,16,2022
2022-04-23,V02,22,VAP,Santiyellow,0.016,Mix,Uva Amarilla,16,2022
2022-04-24,S30,3,SAB,Felicity,0.176,Cherry,Cherry Rojo,16,2022
2022-04-24,S30,3,SAB,Mistral,0.432,Uva,Uva Roja,16,2022
2022-04-28,N02,8,OAP,Amaí,0.072,Uva,Uva Roja,17,2022
2022-04-28,N02,8,OAP,King,0.054,Uva,Uva Roja,17,2022
2022-04-28,N02,8,OAP,Pera Amarilla,0.09,Mix,Pera Amarilla,17,2022
2022-04-28,N02,8,OAP,Pera Roja,0.144,Mix,Pera Roja,17,2022
2022-04-28,N02,8,OAP,Prince,0.054,Uva,Uva Roja,17,2022
2022-04-28,N02,8,OAP,Top 2200,0.018,Mix,Cherry Naranja,17,2022
2022-04-28,N02,8,OAP,Top 2323,0.072,Mix,Cherry Rosa,17,2022
2022-04-28,N02,8,OAP,Top 2405,0.054,Mix,Cherry Amarillo,17,2022
2022-04-28,N02,8,OAP,Tymoty,0.378,Cherry,Cherry Rojo,17,2022
2022-04-28,N02,9,OAP,Amsterdam,0.522,Uva,Uva Roja,17,2022
2022-04-28,N02,9,OAP,Tymoty,0.414,Cherry,Cherry Rojo,17,2022
2022-05-07,L13,2,SGB,Habanero Rojo,0.051,Mix,Heirloom Cherry,18,2022
2022-05-07,L13,2,SGB,Habanero Tangerina,0.051,Mix,Heirloom Cherry,18,2022
2022-05-07,L13,2,SGB,Honey Bunch,0.0612,Mix,Uva Amarilla,18,2022
2022-05-07,L13,2,SGB,Pera Amarilla,0.102,Mix,Pera Amarilla,18,2022
2022-05-07,L13,2,SGB,Pera Roja,0.1122,Mix,Pera Roja,18,2022
2022-05-07,L13,2,SGB,Pink,0.0408,Mix,Heirloom Cherry,18,2022
2022-05-07,L13,2,SGB,Santiyellow,0.0204,Mix,Uva Amarilla,18,2022
2022-05-07,L13,2,SGB,Tangerina Grape,0.0306,Mix,Heirloom Cherry,18,2022
2022-05-07,L13,7,SGB,King,0.0918,Uva,Uva Roja,18,2022
2022-05-07,L13,7,SGB,Mistral,0.476,Uva,Uva Roja,18,2022
2022-05-13,N05,61,SAB,Indigo,0.036,Mix,Heirloom Cherry,19,2022
2022-05-13,N05,61,SAB,King,1.26,Uva,Uva Roja,19,2022
2022-05-13,N05,61,SAB,Pink,0.045,Mix,Heirloom Cherry,19,2022
2022-05-13,N05,61,SAB,Tymoty,0.252,Cherry,Cherry Rojo,19,2022
2022-05-13,N05,61,SAB,White,0.036,Mix,Heirloom Cherry,19,2022
2022-05-13,N05,62,SAB,Habanero Rojo,0.072,Mix,Heirloom Cherry,19,2022
2022-05-13,N05,62,SAB,Honey Bunch,0.072,Mix,Uva Amarilla,19,2022
2022-05-13,N05,62,SAB,Pera Amarilla,0.162,Mix,Pera Amarilla,19,2022
2022-05-13,N05,62,SAB,Pera Roja,0.126,Mix,Pera Roja,19,2022
2022-05-13,N05,62,SAB,Tangerina Grape,0.018,Mix,Heirloom Cherry,19,2022
2022-05-17,N02,7,OAP,Tymoty,0.612,Cherry,Cherry Rojo,20,2022
2022-05-17,N02,10,OAP,Amsterdam,0.612,Uva,Uva Roja,20,2022
2022-05-19,N05,36,SFB,Amsterdam,0.3,Uva,Uva Roja,20,2022
2022-05-19,N05,36,SFB,Felicity,0.52,Cherry,Cherry Rojo,20,2022
2022-05-19,N05,36,SFB,Habanero Rojo,0.08,Mix,Heirloom Cherry,20,2022
2022-05-19,N05,36,SFB,Habanero Tangerina,0.04,Mix,Heirloom Cherry,20,2022
2022-05-19,N05,36,SFB,Habanero Tangerina,0.08,Mix,Heirloom Cherry,20,2022
2022-05-19,N05,36,SFB,Pera Amarilla,0.08,Mix,Pera Amarilla,20,2022
2022-05-19,N05,36,SFB,Pera Roja,0.08,Mix,Pera Roja,20,2022
2022-05-19,N05,36,SFB,Pink,0.04,Mix,Heirloom Cherry,20,2022
2022-05-19,N05,36,SFB,White,0.04,Mix,Heirloom Cherry,20,2022
2022-05-19,S29,7,SMB,Shiren,0.16,Cherry,Cherry Rojo,20,2022
2022-05-21,S11,8,SGB,Mistral,0.1088,Uva,Uva Roja,20,2022
2022-05-21,S11,8,SGB,Prince,0.1496,Uva,Uva Roja,20,2022
2022-05-21,S11,8,SGB,Tymoty,0.2856,Cherry,Cherry Rojo,20,2022
2022-05-21,S11,9,SGB,King,0.2312,Uva,Uva Roja,20,2022
2022-05-23,S29,6,SMB,Mistral,0.18,Uva,Uva Roja,21,2022
2022-05-23,S29,6,SMB,Pera Amarilla,0.08,Mix,Pera Amarilla,21,2022
2022-05-23,S29,6,SMB,Pera Roja,0.08,Mix,Pera Roja,21,2022
2022-05-23,S29,6,SMB,Santiyellow,0.1,Mix,Uva Amarilla,21,2022
2022-05-23,S29,6,SMB,Top 2200,0.1,Mix,Cherry Naranja,21,2022
2022-05-23,S29,6,SMB,Top 2323,0.1,Mix,Cherry Rosa,21,2022
2022-05-23,S29,6,SMB,Top 2405,0.1,Mix,Cherry Amarillo,21,2022
2022-05-25,N02,45,OAP,Pera Amarilla,0.234,Mix,Pera Amarilla,21,2022
2022-05-25,N02,45,OAP,Pera Roja,0.198,Mix,Pera Roja,21,2022
2022-05-25,N02,45,OAP,Santiyellow,0.018,Mix,Uva Amarilla,21,2022
2022-05-25,N02,45,OAP,Tangerina Grape,0.108,Mix,Heirloom Cherry,21,2022
2022-05-25,N02,45,OAP,Yellow Suzan,0.234,Mix,Uva Amarilla,21,2022
2022-06-02,N02,13,OAP,King,0.09,Uva,Uva Roja,22,2022
2022-06-02,N02,13,OAP,Pera Amarilla,0.144,Mix,Pera Amarilla,22,2022
2022-06-02,N02,13,OAP,Pera Roja,0.144,Mix,Pera Roja,22,2022
2022-06-02,N02,13,OAP,Prince,0.108,Uva,Uva Roja,22,2022
2022-06-02,N02,13,OAP,Santiyellow,0.108,Mix,Uva Amarilla,22,2022
2022-06-02,N02,13,OAP,Top 2200,0.036,Mix,Cherry Naranja,22,2022
2022-06-02,N02,13,OAP,Top 2323,0.054,Mix,Cherry Rosa,22,2022
2022-06-02,N02,13,OAP,Top 2405,0.09,Mix,Cherry Amarillo,22,2022
2022-06-02,N02,15,OAP,Prince,0.198,Uva,Uva Roja,22,2022
2022-06-02,N02,15,OAP,Tymoty,0.414,Cherry,Cherry Rojo,22,2022
2022-06-03,N02,4,OAP,Amsterdam,0.612,Uva,Uva Roja,22,2022
2022-06-03,N02,4,OAP,Prince,0.18,Uva,Uva Roja,22,2022
2022-06-08,V02,8,VAP,Habanero Tangerina,0.0576,Mix,Heirloom Cherry,23,2022
2022-06-08,V02,8,VAP,Honey Bunch,0.1536,Mix,Uva Amarilla,23,2022
2022-06-08,V02,8,VAP,Pera Amarilla,0.2496,Mix,Pera Amarilla,23,2022
2022-06-08,V02,8,VAP,Pera Roja,0.0576,Mix,Pera Roja,23,2022
2022-06-08,V02,8,VAP,Santiyellow,0.0768,Mix,Uva Amarilla,23,2022
2022-06-08,V02,8,VAP,Tangerina Grape,0.096,Mix,Heirloom Cherry,23,2022
2022-06-08,V02,9,VAP,Prince,0.456,Uva,Uva Roja,23,2022
2022-06-08,V02,9,VAP,Top 2200,0.076,Mix,Cherry Naranja,23,2022
2022-06-08,V02,9,VAP,Top 2323,0.095,Mix,Cherry Rosa,23,2022
2022-06-08,V02,9,VAP,Top 2405,0.076,Mix,Cherry Amarillo,23,2022
2022-06-11,N05,37,SFB,Amsterdam,0.38,Uva,Uva Roja,23,2022
2022-06-11,N05,37,SFB,Felicity,0.18,Cherry,Cherry Rojo,23,2022
2022-06-11,N05,37,SFB,Habanero Rojo,0.08,Mix,Heirloom Cherry,23,2022
2022-06-11,N05,37,SFB,Mistral,0.52,Uva,Uva Roja,23,2022
2022-06-11,N05,37,SFB,Pera Amarilla,0.1,Mix,Pera Amarilla,23,2022
2022-06-11,N05,37,SFB,Pera Roja,0.14,Mix,Pera Roja,23,2022
2022-06-11,N05,37,SFB,Pink,0.06,Mix,Heirloom Cherry,23,2022
2022-06-11,N05,37,SFB,White,0.08,Mix,Heirloom Cherry,23,2022
2022-06-13,M09,9,MAP,Mistral,0.496,Uva,Uva Roja,24,2022
2022-06-13,N05,62,SAB,Habanero Tangerina,0.072,Mix,Heirloom Cherry,24,2022
2022-06-13,N05,62,SAB,Pera Amarilla,0.108,Mix,Pera Amarilla,24,2022
2022-06-13,N05,62,SAB,Pera Roja,0.126,Mix,Pera Roja,24,2022
2022-06-13,N05,62,SAB,Top 2323,0.036,Mix,Cherry Rosa,24,2022
2022-06-13,N05,62,SAB,Top 2405,0.036,Mix,Cherry Amarillo,24,2022
2022-06-13,N05,63,SAB,Tymoty,0.306,Cherry,Cherry Rojo,24,2022
2022-06-18,V02,17,VAP,King,0.4536,Uva,Uva Roja,24,2022
2022-06-18,V02,21,VAP,King,0.4536,Uva,Uva Roja,24,2022
2022-06-21,L01,6,SGC,Habanero Rojo,0.0828,Mix,Heirloom Cherry,25,2022
2022-06-21,L01,6,SGC,Habanero Tangerina,0.1104,Mix,Heirloom Cherry,25,2022
2022-06-21,L01,6,SGC,Pera Amarilla,0.1104,Mix,Pera Amarilla,25,2022
2022-06-21,L01,6,SGC,Pera Roja,0.138,Mix,Pera Roja,25,2022
2022-06-21,L01,6,SGC,Pink,0.0138,Mix,Heirloom Cherry,25,2022
2022-06-21,L01,6,SGC,Tangerina Grape,0.0414,Mix,Heirloom Cherry,25,2022
2022-06-22,M09,7,MAP,Amaí,0.2778,Uva,Uva Roja,25,2022
2022-06-22,M09,7,MAP,King,0.119,Uva,Uva Roja,25,2022
2022-06-22,M09,7,MAP,Santiyellow,0.0397,Mix,Uva Amarilla,25,2022
2022-06-22,M09,7,MAP,Top 2200,0.0198,Mix,Cherry Naranja,25,2022
2022-06-22,M09,7,MAP,Top 2323,0.0198,Mix,Cherry Rosa,25,2022
2022-06-22,M09,7,MAP,Top 2405,0.0397,Mix,Cherry Amarillo,25,2022
2022-06-25,N02,6,OAP,Amsterdam,0.72,Uva,Uva Roja,25,2022
2022-06-25,N02,6,OAP,Prince,0.072,Uva,Uva Roja,25,2022
2022-06-25,N02,11,OAP,Amsterdam,0.666,Uva,Uva Roja,25,2022
2022-06-25,N02,11,OAP,King,0.126,Uva,Uva Roja,25,2022
2022-06-25,N05,34,SFB,Habanero Tangerina,0.12,Mix,Heirloom Cherry,25,2022
2022-06-25,N05,34,SFB,Tymoty,0.12,Cherry,Cherry Rojo,25,2022
2022-06-25,S12,3,SGB,Amaí,0.2448,Uva,Uva Roja,25,2022
2022-06-25,S12,3,SGB,Mistral,0.5304,Uva,Uva Roja,25,2022
2022-06-25,S12,3,SGB,Prince,0.0918,Uva,Uva Roja,25,2022
2022-06-25,V02,25,VAP,King,0.4212,Uva,Uva Roja,25,2022
2022-06-25,V02,25,VAP,Mistral,0.5508,Uva,Uva Roja,25,2022
2022-06-28,L01,2,SGC,Amsterdam,0.9752,Uva,Uva Roja,26,2022
2022-07-01,N02,57,OAP,King,0.288,Uva,Uva Roja,26,2022
2022-07-01,N02,57,OAP,Prince,0.288,Uva,Uva Roja,26,2022
2022-07-01,N02,67,OAP,Habanero Tangerina,0.162,Mix,Heirloom Cherry,26,2022
2022-07-01,N02,67,OAP,Pera Amarilla,0.126,Mix,Pera Amarilla,26,2022
2022-07-01,N02,67,OAP,Pera Roja,0.18,Mix,Pera Roja,26,2022
2022-07-01,N02,67,OAP,Tangerina Grape,0.108,Mix,Heirloom Cherry,26,2022
2022-07-01,N02,67,OAP,Yellow Suzan,0.144,Mix,Uva Amarilla,26,2022
2022-07-01,S23,1,SJB,Mistral,0.624,Uva,Uva Roja,26,2022
2022-07-01,S23,1,SJB,Prince,0.2,Uva,Uva Roja,26,2022
2022-07-05,S29,4,SMB,Amaí,0.36,Uva,Uva Roja,27,2022
2022-07-05,S29,4,SMB,King,0.036,Uva,Uva Roja,27,2022
2022-07-05,S29,4,SMB,Yellow Suzan,0.072,Mix,Uva Amarilla,27,2022
2022-07-05,S29,6,SMB,Felicity,0.088,Cherry,Cherry Rojo,27,2022
2022-07-05,S29,6,SMB,Tymoty,0.286,Cherry,Cherry Rojo,27,2022
2022-07-09,S12,2,SGB,Habanero Rojo,0.0204,Mix,Heirloom Cherry,27,2022
2022-07-09,S12,2,SGB,Habanero Tangerina,0.0204,Mix,Heirloom Cherry,27,2022
2022-07-09,S12,2,SGB,Pera Amarilla,0.0306,Mix,Pera Amarilla,27,2022
2022-07-09,S12,2,SGB,Pink,0.0306,Mix,Heirloom Cherry,27,2022
2022-07-09,S12,2,SGB,Tangerina Grape,0.0102,Mix,Heirloom Cherry,27,2022
2022-07-09,S12,2,SGB,Top 2200,0.0204,Mix,Cherry Naranja,27,2022
2022-07-09,S12,2,SGB,Top 2323,0.0204,Mix,Cherry Rosa,27,2022
2022-07-09,S12,2,SGB,Top 2405,0.0306,Mix,Cherry Amarillo,27,2022
2022-07-09,S12,2,SGB,Tymoty,0.102,Cherry,Cherry Rojo,27,2022
2022-07-15,S23,1,SJB,Habanero Rojo,0.08,Mix,Heirloom Cherry,28,2022
2022-07-15,S23,1,SJB,Pera Amarilla,0.08,Mix,Pera Amarilla,28,2022
2022-07-15,S23,1,SJB,Pera Roja,0.08,Mix,Pera Roja,28,2022
2022-07-15,S23,2,SJB,Amaí,0.4,Uva,Uva Roja,28,2022
2022-07-15,S23,2,SJB,Habanero Tangerina,0.12,Mix,Heirloom Cherry,28,2022
2022-07-15,S23,2,SJB,Pink,0.06,Mix,Heirloom Cherry,28,2022
2022-07-15,S23,2,SJB,Tymoty,0.24,Cherry,Cherry Rojo,28,2022
2022-07-15,S23,2,SJB,Yellow Suzan,0.1,Mix,Uva Amarilla,28,2022
2022-07-15,V01,3,VAP,White,0.0801,Mix,Heirloom Cherry,28,2022
2022-07-16,N05,29,SFB,Felicity,0.48,Cherry,Cherry Rojo,28,2022
2022-07-16,N05,29,SFB,King,0.56,Uva,Uva Roja,28,2022
2022-07-16,N05,29,SFB,Mistral,0.52,Uva,Uva Roja,28,2022
2022-07-16,N05,35,SFB,Amaí,0.2,Uva,Uva Roja,28,2022
2022-07-16,N05,35,SFB,Pera Amarilla,0.12,Mix,Pera Amarilla,28,2022
2022-07-16,N05,35,SFB,Top 2200,0.08,Mix,Cherry Naranja,28,2022
2022-07-16,N05,35,SFB,Top 2323,0.08,Mix,Cherry Rosa,28,2022
2022-07-16,N05,35,SFB,Top 2405,0.08,Mix,Cherry Amarillo,28,2022
2022-07-18,V01,8,VAP,Tymoty,0.194,Cherry,Cherry Rojo,29,2022
2022-07-18,V02,8,VAP,Amaí,0.6014,Uva,Uva Roja,29,2022
2022-07-25,L10,1,SMR,Amsterdam,0.171,Uva,Uva Roja,30,2022
2022-07-25,L10,1,SMR,Santiyellow,0.2223,Mix,Uva Amarilla,30,2022
2022-07-25,L10,2,SMR,Amsterdam,0.8208,Uva,Uva Roja,30,2022
2022-07-25,V01,2,VAP,Amaí,0.2318,Uva,Uva Roja,30,2022
2022-07-25,V01,2,VAP,King,0.5795,Uva,Uva Roja,30,2022
2022-07-25,V01,2,VAP,Tymoty,0.6027,Cherry,Cherry Rojo,30,2022
2022-07-28,V01,9,VAP,Amaí,0.8855,Uva,Uva Roja,30,2022
2022-07-28,V01,9,VAP,Habanero Rojo,0.1012,Mix,Heirloom Cherry,30,2022
2022-07-28,V01,9,VAP,King,0.2277,Uva,Uva Roja,30,2022
2022-07-28,V01,9,VAP,Pera Amarilla,0.253,Mix,Pera Amarilla,30,2022
2022-07-28,V01,9,VAP,Tymoty,0.2783,Cherry,Cherry Rojo,30,2022
2022-07-30,L10,5,SMR,Limoncito,0.0684,Mix,Cherry Amarillo,30,2022
2022-07-30,L10,5,SMR,Pera Amarilla,0.0684,Mix,Pera Amarilla,30,2022
2022-07-30,L10,5,SMR,Pera Roja,0.0513,Mix,Pera Roja,30,2022
2022-07-30,L10,6,SMR,Felicity,0.4788,Cherry,Cherry Rojo,30,2022
2022-07-30,L10,6,SMR,Top 2200,0.0684,Mix,Cherry Naranja,30,2022
2022-07-30,L10,6,SMR,Top 2405,0.0941,Mix,Cherry Amarillo,30,2022
2022-08-01,S31,1,SAB,King,0.192,Uva,Uva Roja,31,2022
2022-08-01,S31,1,SAB,Tymoty,0.224,Cherry,Cherry Rojo,31,2022
2022-08-01,S31,2,SAB,King,0.736,Uva,Uva Roja,31,2022
2022-08-03,S30,4,SAB,Honey Bunch,0.128,Mix,Uva Amarilla,31,2022
2022-08-03,S30,4,SAB,Pera Amarilla,0.112,Mix,Pera Amarilla,31,2022
2022-08-03,S30,4,SAB,Top 2200,0.064,Mix,Cherry Naranja,31,2022
2022-08-03,S30,4,SAB,Top 2323,0.048,Mix,Cherry Rosa,31,2022
2022-08-03,S30,4,SAB,Top 2405,0.064,Mix,Cherry Amarillo,31,2022
2022-08-03,S30,4,SAB,Tymoty,0.128,Cherry,Cherry Rojo,31,2022
2022-08-08,S23,3,SJB,Mistral,0.38,Uva,Uva Roja,32,2022
2022-08-11,S23,6,SJB,Amaí,0.432,Uva,Uva Roja,32,2022
2022-08-11,S23,6,SJB,Mistral,2.1,Uva,Uva Roja,32,2022
2022-08-11,V01,5,VAP,Habanero Rojo,0.069,Mix,Heirloom Cherry,32,2022
2022-08-11,V01,5,VAP,Habanero Tangerina,0.0966,Mix,Heirloom Cherry,32,2022
2022-08-11,V01,5,VAP,Honey Bunch,0.2898,Mix,Uva Amarilla,32,2022
2022-08-11,V01,5,VAP,Pera Roja,0.0276,Mix,Pera Roja,32,2022
2022-08-11,V01,5,VAP,Tangerina Grape,0.0552,Mix,Heirloom Cherry,32,2022
2022-08-18,S29,5,SMB,Amaí,0.32,Uva,Uva Roja,33,2022
2022-08-18,S29,5,SMB,Felicity,0.36,Cherry,Cherry Rojo,33,2022
2022-08-18,S29,5,SMB,King,0.12,Uva,Uva Roja,33,2022
2022-08-18,S29,5,SMB,Mistral,0.4,Uva,Uva Roja,33,2022
2022-08-21,S29,3,SMB,Pera Amarilla,0.1,Mix,Pera Amarilla,33,2022
2022-08-21,S29,3,SMB,Santiyellow,0.08,Mix,Uva Amarilla,33,2022
2022-08-21,S29,3,SMB,Top 2200,0.08,Mix,Cherry Naranja,33,2022
2022-08-21,S29,3,SMB,Top 2323,0.08,Mix,Cherry Rosa,33,2022
2022-08-21,S29,3,SMB,Top 2405,0.08,Mix,Cherry Amarillo,33,2022
2022-08-26,S23,8,SJB,Tymoty,0.4,Cherry,Cherry Rojo,34,2022
2022-08-27,S23,4,SJB,Habanero Rojo,0.16,Mix,Heirloom Cherry,34,2022
2022-08-27,S23,4,SJB,Habanero Tangerina,0.064,Mix,Heirloom Cherry,34,2022
2022-08-27,S23,4,SJB,Pera Amarilla,0.084,Mix,Pera Amarilla,34,2022
2022-08-27,S23,4,SJB,Pera Roja,0.162,Mix,Pera Roja,34,2022
2022-08-27,S23,4,SJB,Pink,0.1,Mix,Heirloom Cherry,34,2022
2022-08-27,S23,4,SJB,Tangerina Grape,0.032,Mix,Heirloom Cherry,34,2022
2022-08-27,S23,4,SJB,Yellow Suzan,0.14,Mix,Uva Amarilla,34,2022
2022-09-03,S27,3,SGB,King,0.2754,Uva,Uva Roja,35,2022
2022-09-03,S27,3,SGB,Mistral,0.0918,Uva,Uva Roja,35,2022
2022-09-10,S27,6,SGB,Habanero Rojo,0.0204,Mix,Heirloom Cherry,36,2022
2022-09-10,S27,6,SGB,Habanero Tangerina,0.051,Mix,Heirloom Cherry,36,2022
2022-09-10,S27,6,SGB,Mistral,0.051,Uva,Uva Roja,36,2022
2022-09-10,S27,6,SGB,Pink,0.0408,Mix,Heirloom Cherry,36,2022
2022-09-10,S27,6,SGB,Tymoty,0.153,Cherry,Cherry Rojo,36,2022
2023-03-11,V02,18,VAP,Pera Amarilla Viv,0.144,Mix,Pera Amarilla,10,2023
2023-03-11,V02,18,VAP,Pera Roja,0.144,Mix,Pera Roja,10,2023
2023-03-11,V02,18,VAP,Top 2323,0.192,Mix,Cherry Rosa,10,2023
2023-03-11,V02,22,VAP,Top 2323,0.08,Mix,Cherry Rosa,10,2023
2023-03-11,V02,22,VAP,Top 2417,0.08,Mix,Cherry Naranja,10,2023
2023-03-11,V02,22,VAP,Top-2245,0.32,Mix,Cherry Chocolate,10,2023
2023-03-11,V02,26,VAP,Top 2209,0.32,Mix,Uva Zebra,10,2023
2023-03-11,V02,26,VAP,Top 2406,0.4,Mix,Uva Amarilla,10,2023
2023-03-11,V02,26,VAP,Top 2417,0.24,Mix,Cherry Naranja,10,2023
2023-03-14,V09,27,VAP,Prince,0.544,Uva,Uva Roja,11,2023
2023-03-14,V09,30,VAP,Prince,0.608,Uva,Uva Roja,11,2023
2023-03-14,V09,35,VAP,Tymoty,0.608,Cherry,Cherry Rojo,11,2023
2023-03-14,V09,36,VAP,Tymoty,0.644,Cherry,Cherry Rojo,11,2023
2023-03-16,V09,21,VAP,King,0.372,Uva,Uva Roja,11,2023
2023-03-16,V09,21,VAP,Prince,0.18,Uva,Uva Roja,11,2023
2023-03-18,V09,22,VAP,Prince,0.2852,Uva,Uva Roja,11,2023
2023-03-18,V09,22,VAP,Tymoty,0.248,Cherry,Cherry Rojo,11,2023
2023-03-31,S30,1,SAB,King,0.2592,Uva,Uva Roja,13,2023
2023-03-31,S30,1,SAB,King,0.6048,Uva,Uva Roja,13,2023
2023-03-31,S30,1,SAB,Pera Roja,0.144,Mix,Pera Roja,13,2023
2023-03-31,S30,1,SAB,Prince,0.2304,Uva,Uva Roja,13,2023
2023-03-31,S30,1,SAB,Prince,0.8064,Uva,Uva Roja,13,2023
2023-03-31,S30,1,SAB,Top 2323,0.1152,Mix,Cherry Rosa,13,2023
2023-03-31,S30,1,SAB,Top 2406,0.1728,Mix,Uva Amarilla,13,2023
2023-03-31,S30,2,SAB,Habanero Rojo,0.1008,Mix,Heirloom Cherry,13,2023
2023-03-31,S30,2,SAB,Habanero Tangerina,0.126,Mix,Heirloom Cherry,13,2023
2023-03-31,S30,2,SAB,Pera Amarilla Viv,0.1512,Mix,Pera Amarilla,13,2023
2023-03-31,S30,6,SAB,Tymoty,0.504,Cherry,Cherry Rojo,13,2023
2023-03-31,S30,6,SAB,Tymoty,0.5544,Cherry,Cherry Rojo,13,2023
2023-04-01,S04,3,SJB,Top 2323,0.1166,Mix,Cherry Rosa,13,2023
2023-04-01,S04,3,SJB,Top 2406,0.0666,Mix,Uva Amarilla,13,2023
2023-04-01,S04,3,SJB,Top 2417,0.1082,Mix,Cherry Naranja,13,2023
2023-04-01,S04,3,SJB,Top-2245,0.1166,Mix,Cherry Chocolate,13,2023
2023-04-01,S04,4,SJB,Top-2245,0.1166,Mix,Cherry Chocolate,13,2023
2023-04-01,S25,1,SGB,Tymoty,0.2958,Cherry,Cherry Rojo,13,2023
2023-04-01,S25,5,SGB,Habanero Rojo,0.051,Mix,Heirloom Cherry,13,2023
2023-04-01,S25,5,SGB,Habanero Tangerina,0.0612,Mix,Heirloom Cherry,13,2023
2023-04-01,S25,5,SGB,Prince,0.2346,Uva,Uva Roja,13,2023
2023-04-01,S25,5,SGB,Top-2245,0.0204,Mix,Cherry Chocolate,13,2023
2023-04-01,S25,6,SGB,King,0.3162,Uva,Uva Roja,13,2023
2023-04-01,S25,6,SGB,Prince,0.0816,Uva,Uva Roja,13,2023
2023-04-03,S04,2,SJB,King,0.5662,Uva,Uva Roja,14,2023
2023-04-03,S04,2,SJB,Prince,0.433,Uva,Uva Roja,14,2023
2023-04-07,S07,6,SFB,Top 2323,0.136,Mix,Cherry Rosa,14,2023
2023-04-07,S07,6,SFB,Top 2417,0.136,Mix,Cherry Naranja,14,2023
2023-04-07,S07,7,SFB,King,0.43,Uva,Uva Roja,14,2023
2023-04-07,S07,7,SFB,Tymoty,0.258,Cherry,Cherry Rojo,14,2023
2023-04-07,S07,8,SFB,King,1.0112,Uva,Uva Roja,14,2023
2023-04-08,V01,4,VAP,Prince,0.9438,Uva,Uva Roja,14,2023
2023-04-08,V01,4,VAP,Tymoty,0.0726,Cherry,Cherry Rojo,14,2023
2023-04-08,V01,5,VAP,Pera Amarilla Viv,0.0828,Mix,Pera Amarilla,14,2023
2023-04-08,V01,5,VAP,Pera Roja Viv,0.0552,Mix,Pera Roja,14,2023
2023-04-08,V01,5,VAP,Prince,0.7392,Uva,Uva Roja,14,2023
2023-04-08,V01,7,VAP,Prince,0.7543,Uva,Uva Roja,14,2023
2023-04-14,S06,2,SMB,Prince,0.2,Uva,Uva Roja,15,2023
2023-04-14,S06,2,SMB,Top 2323,0.08,Mix,Cherry Rosa,15,2023
2023-04-14,S06,2,SMB,Top 2417,0.08,Mix,Cherry Naranja,15,2023
2023-04-14,S06,2,SMB,Top-2245,0.08,Mix,Cherry Chocolate,15,2023
2023-04-18,V02,17,VAP,Habanero Tangerina,0.0648,Mix,Heirloom Cherry,16,2023
2023-04-18,V02,17,VAP,Pera Amarilla Viv,0.2592,Mix,Pera Amarilla,16,2023
2023-04-18,V02,17,VAP,Pera Roja Viv,0.2106,Mix,Pera Roja,16,2023
2023-04-18,V02,17,VAP,Top 2406,0.0324,Mix,Uva Amarilla,16,2023
2023-04-18,V02,17,VAP,Top 2417,0.0162,Mix,Cherry Naranja,16,2023
2023-04-18,V02,21,VAP,Top 2209,0.0486,Mix,Uva Zebra,16,2023
2023-04-18,V02,21,VAP,Top 2417,0.3726,Mix,Cherry Naranja,16,2023
2023-04-18,V02,25,VAP,Top 2209,0.2916,Mix,Uva Zebra,16,2023
2023-04-18,V02,25,VAP,Top 2323,0.3564,Mix,Cherry Rosa,16,2023
2023-04-18,V02,25,VAP,Top 2406,0.3726,Mix,Uva Amarilla,16,2023
2023-04-22,L13,4,SGB,King,0.2142,Uva,Uva Roja,16,2023
2023-04-22,L13,4,SGB,Prince,0.1836,Uva,Uva Roja,16,2023
2023-04-22,L13,4,SGB,Tymoty,0.0408,Cherry,Cherry Rojo,16,2023
2023-04-22,L13,6,SGB,Top 2323,0.1122,Mix,Cherry Rosa,16,2023
2023-04-22,L13,6,SGB,Top 2417,0.0816,Mix,Cherry Naranja,16,2023
2023-04-22,L13,6,SGB,Tymoty,0.2142,Cherry,Cherry Rojo,16,2023
2023-04-26,N02,13,OAP,Tymoty,0.828,Cherry,Cherry Rojo,17,2023
2023-04-26,N02,14,OAP,Tymoty,0.864,Cherry,Cherry Rojo,17,2023
2023-04-26,N02,15,OAP,Tymoty,0.576,Cherry,Cherry Rojo,17,2023
2023-04-28,N02,7,OAP,Prince,0.576,Uva,Uva Roja,17,2023
2023-04-28,N02,10,OAP,Prince,0.576,Uva,Uva Roja,17,2023
2023-04-29,N02,5,OAP,Top 2209,0.216,Mix,Uva Zebra,17,2023
2023-04-29,N02,5,OAP,Top 2323,0.396,Mix,Cherry Rosa,17,2023
2023-04-29,N02,5,OAP,Top 2417,0.432,Mix,Cherry Naranja,17,2023
2023-05-03,S06,1,SMB,King,0.66,Uva,Uva Roja,18,2023
2023-05-03,S06,1,SMB,Prince,0.1,Uva,Uva Roja,18,2023
2023-05-04,N02,16,OAP,Top-2204,0.288,Cherry,Cherry Rojo,18,2023
2023-05-04,N02,16,OAP,Tymoty,0.684,Cherry,Cherry Rojo,18,2023
2023-05-04,S06,4,SMB,Pera Amarilla Viv,0.16,Mix,Pera Amarilla,18,2023
2023-05-04,S06,4,SMB,Pera Roja Viv,0.12,Mix,Pera Roja,18,2023
2023-05-04,S06,4,SMB,Tymoty,0.36,Cherry,Cherry Rojo,18,2023
2023-05-05,S04,4,SJB,King,0.51,Uva,Uva Roja,18,2023
2023-05-05,S04,4,SJB,Tymoty,0.512,Cherry,Cherry Rojo,18,2023
2023-05-08,S03,4,SAB,Top 2209,0.189,Mix,Uva Zebra,19,2023
2023-05-08,S03,4,SAB,Top 2406,0.216,Mix,Uva Amarilla,19,2023
2023-05-08,S03,4,SAB,Top 2417,0.144,Mix,Cherry Naranja,19,2023
2023-05-08,S04,5,SJB,Pera Amarilla Viv,0.0888,Mix,Pera Amarilla,19,2023
2023-05-08,S04,5,SJB,Pera Roja Viv,0.0552,Mix,Pera Roja,19,2023
2023-05-08,S04,5,SJB,Top 2209,0.0774,Mix,Uva Zebra,19,2023
2023-05-08,S04,5,SJB,Top 2323,0.0776,Mix,Cherry Rosa,19,2023
2023-05-08,S04,5,SJB,Top 2406,0.0888,Mix,Uva Amarilla,19,2023
2023-05-08,S04,5,SJB,Top 2417,0.0888,Mix,Cherry Naranja,19,2023
2023-05-08,S04,5,SJB,Top-2245,0.0664,Mix,Cherry Chocolate,19,2023
2023-05-08,S04,5,SJB,Yellow Suzan,0.0664,Mix,Uva Amarilla,19,2023
2023-05-09,S30,2,SAB,King,0.9504,Uva,Uva Roja,19,2023
2023-05-09,S30,2,SAB,Pera Amarilla Viv,0.3168,Mix,Pera Amarilla,19,2023
2023-05-09,S30,2,SAB,Pera Roja Viv,0.3168,Mix,Pera Roja,19,2023
2023-05-09,S30,2,SAB,Tymoty,0.2592,Cherry,Cherry Rojo,19,2023
2023-05-10,N02,8,OAP,Prince,0.774,Uva,Uva Roja,19,2023
2023-05-10,N02,8,OAP,Top-2204,0.198,Cherry,Cherry Rojo,19,2023
2023-05-10,N02,9,OAP,Pera Amarilla Viv,0.198,Mix,Pera Amarilla,19,2023
2023-05-10,N02,9,OAP,Pera Roja Viv,0.306,Mix,Pera Roja,19,2023
2023-05-10,N02,9,OAP,Top 2406,0.306,Mix,Uva Amarilla,19,2023
2023-05-10,N02,9,OAP,Top-2204,0.162,Cherry,Cherry Rojo,19,2023
2023-05-10,S05,11,SGB,Top 2323,0.0204,Mix,Cherry Rosa,19,2023
2023-05-10,S05,11,SGB,Top 2406,0.0204,Mix,Uva Amarilla,19,2023
2023-05-10,S05,11,SGB,Top-2245,0.051,Mix,Cherry Chocolate,19,2023
2023-05-13,S12,12,SFB,Top 2209,0.024,Mix,Uva Zebra,19,2023
2023-05-13,S12,12,SFB,Top 2323,0.024,Mix,Cherry Rosa,19,2023
2023-05-13,S12,12,SFB,Top-2245,0.024,Mix,Cherry Chocolate,19,2023
2023-05-13,S21,1,SFB,Pera Amarilla Viv,0.2142,Mix,Pera Amarilla,19,2023
2023-05-13,S21,1,SFB,Pera Roja Viv,0.2142,Mix,Pera Roja,19,2023
2023-05-13,V02,4,VAP,Top 2209,0.321,Mix,Uva Zebra,19,2023
2023-05-13,V02,4,VAP,Top 2406,0.4154,Mix,Uva Amarilla,19,2023
2023-05-13,V02,5,VAP,Top 2209,0.0566,Mix,Uva Zebra,19,2023
2023-05-13,V02,5,VAP,Top 2323,0.3398,Mix,Cherry Rosa,19,2023
2023-05-13,V02,5,VAP,Top 2417,0.0566,Mix,Cherry Naranja,19,2023
2023-05-13,V02,5,VAP,Top-2245,0.2077,Mix,Cherry Chocolate,19,2023
2023-05-13,V02,29,VAP,Pera Amarilla Viv,0.3776,Mix,Pera Amarilla,19,2023
2023-05-13,V02,29,VAP,Pera Roja Viv,0.321,Mix,Pera Roja,19,2023
2023-05-15,L13,1,SGB,Pera Amarilla Viv,0.0714,Mix,Pera Amarilla,20,2023
2023-05-15,L13,1,SGB,Pera Roja Viv,0.0714,Mix,Pera Roja,20,2023
2023-05-16,V01,8,VAP,Top 2417,0.2328,Mix,Cherry Naranja,20,2023
2023-05-16,V01,8,VAP,Top-2245,0.1164,Mix,Cherry Chocolate,20,2023
2023-05-20,S03,4,SAB,Top 2323,0.0675,Mix,Cherry Rosa,20,2023
2023-05-20,S03,4,SAB,Top 2417,0.036,Mix,Cherry Naranja,20,2023
2023-05-20,S03,4,SAB,Top-2245,0.027,Mix,Cherry Chocolate,20,2023
2023-05-23,S29,4,SMB,King,0.6,Uva,Uva Roja,21,2023
2023-05-23,S29,4,SMB,Top 2209,0.08,Mix,Uva Zebra,21,2023
2023-05-23,S29,4,SMB,Top 2323,0.06,Mix,Cherry Rosa,21,2023
2023-05-23,S29,4,SMB,Top 2406,0.06,Mix,Uva Amarilla,21,2023
2023-05-23,S29,4,SMB,Top 2417,0.06,Mix,Cherry Naranja,21,2023
2023-05-23,S29,4,SMB,Top-2204,0.16,Cherry,Cherry Rojo,21,2023
2023-05-23,S29,4,SMB,Top-2245,0.08,Mix,Cherry Chocolate,21,2023
2023-05-23,S29,4,SMB,Tymoty,0.22,Cherry,Cherry Rojo,21,2023
2023-05-25,S06,4,SMB,Pera Amarilla Viv,0.08,Mix,Pera Amarilla,21,2023
2023-05-25,S06,4,SMB,Pera Roja Viv,0.08,Mix,Pera Roja,21,2023
2023-05-25,S06,4,SMB,Top-2204,0.16,Cherry,Cherry Rojo,21,2023
2023-05-25,S06,4,SMB,Yellow Suzan,0.06,Mix,Uva Amarilla,21,2023
2023-05-27,N02,40,OAP,Prince,0.234,Uva,Uva Roja,21,2023
2023-05-27,N02,40,OAP,Tymoty,0.702,Cherry,Cherry Rojo,21,2023
2023-05-27,N02,40,OAP,Tymoty,0.756,Cherry,Cherry Rojo,21,2023
2023-05-27,N02,42,OAP,Pera Amarilla Viv,0.09,Mix,Pera Amarilla,21,2023
2023-05-27,N02,42,OAP,Pera Roja Viv,0.108,Mix,Pera Roja,21,2023
2023-05-27,N02,42,OAP,Prince,0.198,Uva,Uva Roja,21,2023
2023-05-27,N02,42,OAP,Top 2417,0.288,Mix,Cherry Naranja,21,2023
2023-05-27,N02,45,OAP,Tymoty,0.756,Cherry,Cherry Rojo,21,2023
2023-06-01,N02,12,OAP,Top 2209,0.252,Mix,Uva Zebra,22,2023
2023-06-01,N02,12,OAP,Top 2323,0.252,Mix,Cherry Rosa,22,2023
2023-06-01,N02,12,OAP,Top 2406,0.288,Mix,Uva Amarilla,22,2023
2023-06-01,N02,12,OAP,Top-2245,0.252,Mix,Cherry Chocolate,22,2023
2023-06-05,S15,2,SGB,Dolcetine,0.0408,Uva,Uva Roja,23,2023
2023-06-05,S15,2,SGB,King,0.2448,Uva,Uva Roja,23,2023
2023-06-05,S15,2,SGB,Yoyomo,0.0408,Mix,Uva Amarilla,23,2023
2023-06-21,N02,54,OAP,Dolcetine,0.09,Uva,Uva Roja,25,2023
2023-06-21,N02,54,OAP,King,0.18,Uva,Uva Roja,25,2023
2023-06-21,N02,54,OAP,Top 2323,0.378,Mix,Cherry Rosa,25,2023
2023-06-21,N02,55,OAP,Prince,0.792,Uva,Uva Roja,25,2023
2023-06-21,N02,56,OAP,Prince,0.792,Uva,Uva Roja,25,2023
2023-06-24,N02,57,OAP,Top 2209,0.252,Mix,Uva Zebra,25,2023
2023-06-24,N02,58,OAP,Tymoty,0.414,Cherry,Cherry Rojo,25,2023
2023-06-24,S29,5,SMB,King,0.44,Uva,Uva Roja,25,2023
2023-06-24,S29,5,SMB,Prince,0.44,Uva,Uva Roja,25,2023
2023-06-24,S29,5,SMB,Top-2204,0.2,Cherry,Cherry Rojo,25,2023
2023-06-24,S29,5,SMB,Tymoty,0.2,Cherry,Cherry Rojo,25,2023
2023-07-01,V02,10,VAP,Dolcetine,0.151,Uva,Uva Roja,26,2023
2023-07-01,V02,10,VAP,King,0.2416,Uva,Uva Roja,26,2023
2023-07-01,V02,10,VAP,Prince,0.2416,Uva,Uva Roja,26,2023
2023-07-01,V02,13,VAP,Top 2209,0.0174,Mix,Uva Zebra,26,2023
2023-07-01,V02,13,VAP,Top 2323,0.3306,Mix,Cherry Rosa,26,2023
2023-07-01,V02,13,VAP,Top 2406,0.087,Mix,Uva Amarilla,26,2023
2023-07-01,V02,13,VAP,Top-2245,0.348,Mix,Cherry Chocolate,26,2023
2023-07-01,V02,14,VAP,Top 2406,0.3657,Mix,Uva Amarilla,26,2023
2023-07-01,V02,14,VAP,Top 2417,0.3498,Mix,Cherry Naranja,26,2023
2023-07-04,S29,6,SMB,Pera Amarilla Viv,0.1,Mix,Pera Amarilla,27,2023
2023-07-04,S29,6,SMB,Pera Roja Viv,0.06,Mix,Pera Roja,27,2023
2023-07-04,S29,6,SMB,Top 2323,0.14,Mix,Cherry Rosa,27,2023
2023-07-04,S29,6,SMB,Yoyomo,0.12,Mix,Uva Amarilla,27,2023
2023-07-04,S29,7,SMB,King,0.3,Uva,Uva Roja,27,2023
2023-07-04,S29,7,SMB,Top-2204,0.26,Cherry,Cherry Rojo,27,2023
2023-07-04,S29,7,SMB,Tymoty,0.68,Cherry,Cherry Rojo,27,2023
2023-07-04,V02,11,VAP,Pera Amarilla Viv,0.3315,Mix,Pera Amarilla,27,2023
2023-07-04,V02,11,VAP,Pera Roja Viv,0.357,Mix,Pera Roja,27,2023
2023-07-05,N02,66,OAP,Tangerina Grape,0.018,Mix,Heirloom Cherry,27,2023
2023-07-08,S15,1,SGB,Pera Amarilla Viv,0.051,Mix,Pera Amarilla,27,2023
2023-07-08,S15,1,SGB,Pera Roja Viv,0.0102,Mix,Pera Roja,27,2023
2023-07-08,S15,1,SGB,Top-2245,0.0102,Mix,Cherry Chocolate,27,2023
2023-07-08,S15,1,SGB,Tymoty,0.2346,Cherry,Cherry Rojo,27,2023
2023-07-11,S29,2,SMB,King,0.54,Uva,Uva Roja,28,2023
2023-07-11,S29,3,SMB,Prince,1.0,Uva,Uva Roja,28,2023
2023-07-15,V02,10,VAP,Prince,0.2114,Uva,Uva Roja,28,2023
2023-07-16,V02,12,VAP,Tymoty,0.07,Cherry,Cherry Rojo,28,2023
2023-07-16,V02,12,VAP,Yoyomo,0.36,Mix,Uva Amarilla,28,2023
2023-07-16,V02,16,VAP,Tymoty,0.8473,Cherry,Cherry Rojo,28,2023
2023-07-22,S06,3,SMB,King,0.26,Uva,Uva Roja,29,2023
2023-08-03,S23,9,SJB,Tymoty,0.444,Cherry,Cherry Rojo,31,2023
2023-08-03,S23,10,SJB,King,0.7958,Uva,Uva Roja,31,2023
2023-08-03,S23,10,SJB,Prince,0.588,Uva,Uva Roja,31,2023
2023-08-03,S23,10,SJB,Tymoty,0.256,Cherry,Cherry Rojo,31,2023
2023-08-04,S12,5,SGB,King,0.3264,Uva,Uva Roja,31,2023
2023-08-04,S12,5,SGB,Pera Amarilla Viv,0.1122,Mix,Pera Amarilla,31,2023
2023-08-04,S12,5,SGB,Pera Roja Viv,0.1326,Mix,Pera Roja,31,2023
2023-08-04,S12,5,SGB,Top 2323,0.1326,Mix,Cherry Rosa,31,2023
2023-08-04,S12,5,SGB,Tymoty,0.1632,Cherry,Cherry Rojo,31,2023
2023-08-05,V02,31,VAP,Top 2209,1.1952,Mix,Uva Zebra,31,2023
2023-08-05,V02,31,VAP,Top 2323,0.4143,Mix,Cherry Rosa,31,2023
2023-08-05,V02,31,VAP,Top 2417,0.4781,Mix,Cherry Naranja,31,2023
2023-08-05,V02,31,VAP,Top-2204,0.5578,Cherry,Cherry Rojo,31,2023
2023-08-05,V02,31,VAP,Top-2245,0.5418,Mix,Cherry Chocolate,31,2023
2023-08-05,V02,31,VAP,Yoyomo,0.0478,Mix,Uva Amarilla,31,2023
2023-08-07,S17,4,SAB,King,0.0864,Uva,Uva Roja,32,2023
2023-08-07,S17,4,SAB,Tymoty,1.8144,Cherry,Cherry Rojo,32,2023
2023-08-09,S17,11,SAB,King,1.4976,Uva,Uva Roja,32,2023
2023-08-10,S23,8,SJB,Pera Amarilla Viv,0.1442,Mix,Pera Amarilla,32,2023
2023-08-10,S23,8,SJB,Pera Roja Viv,0.1442,Mix,Pera Roja,32,2023
2023-08-10,S23,8,SJB,Top 2323,0.122,Mix,Cherry Rosa,32,2023
2023-08-10,S23,8,SJB,Top 2417,0.122,Mix,Cherry Naranja,32,2023
2023-08-10,S23,8,SJB,Yoyomo,0.122,Mix,Uva Amarilla,32,2023
2023-08-12,S17,9,SAB,Prince,1.4112,Uva,Uva Roja,32,2023
2023-08-14,S27,1,SGB,King,0.68,Uva,Uva Roja,33,2023
2023-08-14,S27,8,SGB,King,0.408,Uva,Uva Roja,33,2023
2023-08-14,S27,8,SGB,Tymoty,0.391,Cherry,Cherry Rojo,33,2023
2023-08-15,S17,12,SAB,Prince,0.288,Uva,Uva Roja,33,2023
2023-09-11,S17,5,SAB,Dolcetine,0.0576,Uva,Uva Roja,37,2023
2023-09-11,S17,5,SAB,Pera Amarilla Viv,0.2304,Mix,Pera Amarilla,37,2023
2023-09-11,S17,5,SAB,Pera Roja Viv,0.2592,Mix,Pera Roja,37,2023
2023-09-11,S17,5,SAB,Top 2323,0.0864,Mix,Cherry Rosa,37,2023
2023-09-11,S17,5,SAB,Top-2245,0.3168,Mix,Cherry Chocolate,37,2023
2023-09-11,S17,6,SAB,Top 2417,0.4032,Mix,Cherry Naranja,37,2023
2023-09-11,S17,6,SAB,Top-2245,0.144,Mix,Cherry Chocolate,37,2023
